Age,Attrition,BusinessTravel,Department,DistanceFromHome,Education,EducationField,EmployeeNumber,EnvironmentSatisfaction,Gender,JobInvolvement,JobLevel,JobRole,JobSatisfaction,MaritalStatus,MonthlyIncome,NumCompaniesWorked,Over18,OverTime,PercentSalaryHike,PerformanceRating,RelationshipSatisfaction,StandardHours,StockOptionLevel,TotalWorkingYears,TrainingTimesLastYear,WorkLifeBalance,YearsAtCompany,YearsInCurrentRole,YearsSinceLastPromotion,YearsWithCurrManager
37,0,2,2,1,4,1,77,1,1,2,2,4,3,3,5993,1,1,2,18,3,3,80,1,7,2,4,7,5,0,7
54,0,3,2,1,4,1,1245,4,2,3,3,4,3,3,10502,7,1,2,17,3,1,80,1,33,2,1,5,4,1,4
34,1,3,2,7,3,1,147,1,1,1,2,3,3,1,6074,1,1,1,24,4,4,80,0,9,3,3,9,7,0,6
39,0,2,2,1,1,1,1026,4,2,2,4,4,4,2,12742,1,1,2,16,3,3,80,1,21,3,3,21,6,11,8
28,1,3,2,1,3,2,1111,1,1,2,1,3,2,3,2596,1,1,2,15,3,1,80,2,1,2,3,1,0,0,0
24,0,2,1,4,1,2,1445,4,2,3,2,1,3,2,4162,1,1,1,12,3,3,80,2,5,3,3,5,4,0,3
29,0,2,2,9,5,6,455,2,1,2,1,3,4,1,3983,0,1,2,17,3,3,80,0,4,2,3,3,2,2,2
36,0,2,1,2,2,2,513,2,1,2,3,1,3,2,7596,1,1,2,13,3,2,80,2,10,2,3,10,9,9,0
33,0,2,2,4,4,2,305,3,2,2,1,2,2,2,2622,6,1,2,21,4,4,80,0,7,3,3,3,2,1,1
34,0,2,2,2,4,4,1383,3,2,3,2,5,4,1,6687,1,1,2,11,3,4,80,0,14,2,4,14,11,4,11
24,1,2,3,22,1,3,1714,4,1,1,1,3,3,2,1555,1,1,2,11,3,3,80,1,1,2,3,1,0,0,0
35,0,2,2,10,4,2,1587,1,2,3,2,5,3,1,6142,3,1,1,16,3,3,80,0,10,4,3,5,2,0,4
30,1,2,2,3,3,4,297,4,2,3,1,2,1,1,2657,5,1,1,11,3,3,80,0,8,5,3,5,2,0,4
54,0,2,2,8,4,1,578,3,2,3,2,3,3,1,3780,7,1,2,11,3,3,80,0,19,3,3,1,0,0,0
34,0,2,2,1,3,1,1447,4,2,2,1,3,2,2,3294,5,1,2,17,3,1,80,1,7,2,2,5,4,0,2
47,0,2,1,2,4,1,925,4,2,2,1,7,4,1,3294,1,1,1,18,3,1,80,0,3,3,2,3,2,1,2
36,0,1,1,15,4,3,2036,4,1,1,2,1,4,3,5406,1,1,2,24,4,1,80,1,15,4,2,15,12,11,11
35,0,2,2,1,4,2,1172,4,1,2,1,3,3,2,2258,6,1,2,12,3,2,80,1,10,2,3,8,0,1,7
29,0,2,1,19,3,1,1497,3,1,2,2,1,3,3,8620,1,1,2,14,3,3,80,2,10,3,3,10,7,0,4
56,1,2,2,14,4,1,161,2,2,3,1,2,2,2,4963,9,1,1,18,3,1,80,3,7,2,3,5,4,4,3
45,0,2,2,10,2,1,544,1,1,3,1,2,4,2,2654,3,1,2,21,4,4,80,2,8,3,2,2,2,0,2
46,0,2,2,1,4,2,288,4,1,3,3,5,1,3,9396,7,1,2,16,3,3,80,1,17,3,3,4,2,0,3
39,0,2,2,10,1,2,1800,3,1,3,3,8,3,1,13464,7,1,2,21,4,3,80,0,9,3,3,4,3,2,2
52,0,2,1,3,4,3,776,3,1,2,4,6,1,2,16856,1,1,2,11,3,1,80,0,34,3,4,34,6,1,16
32,0,1,2,1,3,1,951,3,2,2,1,3,2,2,2332,6,1,2,20,4,3,80,0,5,3,3,3,0,0,2
46,0,3,2,18,1,2,624,1,2,3,3,5,3,2,10527,5,1,2,11,3,4,80,0,28,3,2,2,2,1,2
28,0,2,2,17,2,2,536,3,1,3,2,3,1,3,4558,1,1,2,12,3,4,80,1,10,2,3,10,0,1,8
29,0,2,2,23,2,1,824,3,1,4,1,2,3,2,2700,1,1,2,24,4,3,80,1,10,3,3,10,7,0,7
39,0,2,1,24,1,3,2056,2,2,2,4,1,4,2,12031,0,1,2,11,3,1,80,1,21,2,2,20,9,9,6
33,0,2,2,9,3,2,1238,1,1,3,1,2,4,2,2781,0,1,2,13,3,2,80,1,15,5,3,14,10,4,10
38,0,2,1,3,3,1,307,1,1,3,3,1,3,3,10609,0,1,2,12,3,3,80,2,17,6,2,16,10,5,13
27,0,3,2,5,2,1,1850,4,2,3,1,3,4,1,2379,0,1,1,14,3,3,80,0,6,3,2,5,4,0,2
19,1,3,1,1,1,4,235,3,2,1,1,7,1,1,2325,0,1,2,21,4,1,80,0,1,5,4,0,0,0,0
54,0,2,2,17,3,4,1013,3,2,3,3,4,3,2,10739,8,1,2,11,3,3,80,1,22,2,3,10,7,0,8
53,0,2,2,23,4,1,901,4,2,3,4,8,4,1,14275,6,1,2,18,3,3,80,0,33,0,3,12,9,3,8
33,0,1,1,8,1,1,1044,2,2,2,1,7,4,1,2342,0,1,2,19,3,4,80,0,3,2,2,2,2,2,2
29,0,2,1,2,3,2,366,1,1,2,2,1,2,2,6644,2,1,2,19,3,2,80,2,10,2,3,0,0,0,0
33,1,3,2,3,3,1,702,1,1,3,1,2,1,1,3348,1,1,1,11,3,1,80,0,10,3,3,10,8,9,7
42,0,2,2,29,3,1,836,2,1,3,2,4,2,2,4434,1,1,2,13,3,4,80,1,10,3,2,9,8,7,8
34,0,3,2,10,4,4,1597,4,1,2,2,5,3,2,5063,1,1,2,14,3,2,80,1,8,3,2,8,2,7,7
42,0,2,1,5,2,3,1029,4,1,3,5,6,3,2,18303,6,1,2,13,3,2,80,0,21,3,4,1,0,0,0
26,0,2,1,1,3,1,476,3,1,3,2,1,3,2,5296,1,1,2,17,3,2,80,1,8,3,3,8,7,7,7
55,0,2,2,1,4,2,1424,2,1,4,4,8,4,3,14732,2,1,2,13,3,4,80,2,31,4,4,7,7,0,0
50,1,3,1,1,4,1,2044,2,1,3,2,1,3,3,6728,7,1,2,12,3,4,80,2,12,3,3,6,3,0,1
37,0,2,2,7,4,2,1885,4,1,3,2,2,1,2,4284,5,1,1,22,4,3,80,1,16,2,3,5,3,0,4
45,0,1,1,26,3,3,1612,1,1,2,2,1,1,2,4385,1,1,2,15,3,1,80,1,10,2,3,10,7,4,5
43,0,3,1,15,3,1,754,4,1,2,2,1,4,2,6804,3,1,2,18,3,3,80,1,7,5,3,2,2,2,2
39,1,2,1,5,3,4,42,4,1,3,2,7,4,2,2086,3,1,2,14,3,3,80,1,19,6,4,1,0,0,0
38,0,2,1,2,2,3,1125,4,1,3,3,1,2,1,7351,7,1,2,16,3,3,80,0,10,2,3,1,0,0,0
31,0,2,2,1,4,2,95,3,1,3,1,2,2,1,2501,1,1,2,17,3,2,80,0,1,4,3,1,1,1,0
51,0,2,2,1,3,1,353,3,1,3,1,2,4,2,2723,1,1,2,11,3,2,80,0,1,0,2,1,0,0,0
36,0,2,2,1,3,4,1237,3,2,1,3,4,1,3,10252,2,1,1,21,4,3,80,1,17,2,3,7,7,7,7
39,0,2,2,6,1,2,2062,4,1,2,3,5,1,2,9991,4,1,2,15,3,1,80,1,9,5,3,7,7,1,7
32,0,3,2,24,4,1,772,1,1,3,2,3,4,2,5309,1,1,2,15,3,4,80,2,10,2,3,10,8,4,7
27,0,2,2,8,3,2,1647,2,2,4,1,2,3,2,3517,7,1,2,17,3,1,80,0,5,0,3,3,2,0,2
39,0,1,2,9,3,1,2022,4,1,3,5,6,4,1,19431,2,1,2,13,3,3,80,0,21,3,2,6,0,1,3
34,0,2,2,7,4,2,1577,1,1,3,1,2,4,1,2972,1,1,2,13,3,3,80,0,1,4,1,1,0,0,0
34,0,2,2,27,2,2,247,4,2,3,1,2,2,1,2311,2,1,2,15,3,4,80,0,9,3,3,3,2,1,2
43,0,2,1,16,3,3,327,4,2,3,4,6,4,2,16064,5,1,1,22,4,3,80,1,22,3,3,17,13,1,9
31,0,2,2,2,4,1,1721,2,1,3,1,3,3,2,3477,1,1,2,14,3,4,80,1,6,2,4,5,2,0,3
31,1,2,1,6,4,1,163,2,1,1,2,1,3,2,6172,4,1,1,18,3,2,80,0,12,3,2,7,7,7,7
38,0,2,2,1,4,1,724,2,2,4,2,5,4,1,7625,0,1,2,13,3,3,80,0,10,4,2,9,7,1,8
36,0,1,1,1,5,2,479,4,2,3,2,1,4,1,6653,4,1,2,15,3,2,80,0,7,6,3,1,0,0,0
42,0,2,2,24,3,2,605,4,1,3,3,4,1,2,7406,1,1,1,21,4,4,80,1,10,5,2,10,9,5,8
43,0,3,1,26,2,1,158,3,1,3,4,6,4,2,16959,1,1,1,12,3,4,80,2,25,3,4,25,12,4,12
36,0,3,1,3,4,2,481,1,1,2,3,1,4,2,9699,4,1,2,11,3,1,80,1,16,2,3,13,9,1,12
51,1,2,2,4,4,1,1081,1,1,3,1,2,3,2,2461,9,1,1,12,3,3,80,3,18,2,4,10,0,2,7
51,0,3,1,2,3,3,1391,2,1,3,3,1,2,2,10596,2,1,2,11,3,2,80,0,14,5,3,4,2,3,2
33,0,3,2,6,3,1,692,3,1,3,2,5,4,3,7725,3,1,2,23,4,3,80,1,15,2,1,13,11,4,7
25,0,2,3,2,3,3,1987,3,2,3,1,3,2,2,2187,4,1,2,14,3,3,80,0,6,3,3,2,0,1,2
33,0,3,1,10,3,3,446,2,1,2,2,1,4,1,4682,3,1,2,14,3,3,80,0,9,6,2,7,7,0,1
42,0,2,2,13,3,2,1803,2,1,4,2,5,1,2,5538,5,1,2,18,3,3,80,2,10,2,2,0,0,0,0
20,0,2,1,2,3,2,1657,3,2,3,1,7,3,1,2783,1,1,2,19,3,1,80,0,2,3,3,2,2,2,2
42,0,2,3,2,1,4,470,3,1,3,1,3,3,3,2696,0,1,1,11,3,3,80,1,4,5,3,3,2,1,0
41,0,2,1,3,3,1,2037,3,1,2,2,1,2,3,8938,2,1,2,11,3,3,80,1,14,5,3,5,4,0,4
27,0,2,2,5,1,4,844,3,1,2,3,8,4,3,12808,1,1,1,16,3,2,80,1,9,3,3,9,8,0,8
30,0,2,2,1,1,1,104,4,1,2,2,3,4,2,5126,1,1,1,12,3,3,80,2,10,1,2,10,8,3,0
30,0,3,2,5,4,1,861,2,1,2,1,2,4,3,3761,9,1,2,12,3,2,80,1,10,3,2,5,4,0,3
37,1,2,2,2,2,6,4,4,1,2,1,3,3,1,2090,6,1,1,15,3,2,80,0,7,3,3,0,0,0,0
24,0,2,2,21,2,4,1551,3,1,2,1,3,1,3,2296,0,1,2,14,3,2,80,3,2,3,3,1,1,0,0
38,0,2,2,29,3,4,273,4,1,3,2,4,4,2,6261,3,1,2,18,3,1,80,1,9,3,1,7,7,1,7
56,0,2,3,8,4,1,1338,4,1,3,5,6,2,1,19717,6,1,2,14,3,1,80,0,36,4,3,7,3,7,7
32,0,2,2,4,3,1,830,3,2,2,2,4,3,2,6162,1,1,2,12,3,3,80,1,14,3,3,14,13,6,8
30,0,2,1,2,1,4,508,3,1,3,1,7,2,2,2476,1,1,2,18,3,1,80,1,1,3,3,1,0,0,0
38,0,2,2,9,2,1,245,3,2,3,1,3,4,1,2288,1,1,2,12,3,3,80,0,2,3,3,2,2,2,1
25,0,2,1,18,1,1,1399,1,1,4,2,1,3,2,6232,2,1,2,11,3,2,80,0,6,3,2,3,2,1,2
39,0,1,2,1,3,1,1737,4,1,3,2,3,4,2,6472,1,1,1,15,3,4,80,1,9,2,3,9,8,5,8
59,0,2,1,25,3,1,81,1,2,3,3,1,1,1,7637,7,1,2,11,3,4,80,0,28,3,2,21,16,7,9
30,0,2,1,8,2,6,982,3,1,3,3,1,3,3,7264,5,1,2,11,3,1,80,1,10,2,4,8,4,7,7
56,0,3,1,6,3,1,532,3,2,4,4,1,1,2,13212,9,1,2,11,3,4,80,3,36,0,2,7,7,7,7
28,0,2,1,5,4,2,916,1,1,3,2,1,4,1,4908,1,1,2,14,3,2,80,0,4,3,3,4,2,0,2
38,0,3,2,6,4,1,1997,1,1,2,2,4,3,2,5321,2,1,2,11,3,4,80,1,10,1,3,8,3,7,7
28,0,2,1,9,4,1,498,2,1,3,2,1,4,1,5253,1,1,2,16,3,4,80,0,7,1,3,7,5,0,7
19,1,2,2,2,3,1,243,2,1,2,1,3,4,1,1102,1,1,2,22,4,3,80,0,1,3,2,1,0,1,0
34,0,2,2,7,4,1,28,1,2,3,3,8,2,1,11994,0,1,2,11,3,3,80,0,13,4,3,12,6,2,11
51,0,2,2,7,4,2,211,2,1,2,2,4,3,2,6132,2,1,2,17,3,3,80,0,10,2,3,1,0,0,0
32,0,3,2,10,3,1,1720,1,1,3,1,2,3,2,3433,6,1,2,13,3,1,80,1,10,3,2,5,2,1,3
35,0,2,2,1,4,1,2052,3,2,1,1,2,4,2,2977,1,1,2,12,3,4,80,1,4,5,3,4,3,1,1
59,0,1,3,2,4,3,140,3,2,2,5,6,4,2,18844,9,1,2,21,4,4,80,1,30,3,3,3,2,2,2
30,0,2,2,10,3,2,1816,1,2,3,3,4,3,1,9667,9,1,2,14,3,2,80,0,9,3,3,7,7,0,2
29,0,2,2,4,3,4,1762,4,2,2,1,2,1,3,2109,1,1,2,13,3,3,80,1,1,2,3,1,0,0,0
52,0,2,2,4,2,1,546,4,2,3,4,6,4,2,16555,2,1,2,13,3,4,80,0,31,2,1,5,2,1,4
36,0,3,2,3,2,2,238,4,1,3,1,3,2,1,2088,4,1,2,12,3,3,80,0,13,3,2,8,7,7,2
29,0,2,2,13,2,6,2053,4,1,2,2,3,2,2,4025,4,1,1,13,3,1,80,1,10,2,3,4,3,0,3
35,0,2,2,18,5,1,1621,2,1,4,2,2,1,2,5208,1,1,2,11,3,4,80,0,16,2,3,16,15,1,10
25,1,3,1,24,1,1,1273,3,1,1,1,7,4,1,1118,1,1,1,14,3,4,80,0,1,4,3,1,0,1,0
54,0,2,2,19,4,2,799,4,2,3,2,4,1,3,5485,9,1,1,11,3,2,80,2,9,4,3,5,3,1,4
32,0,2,1,7,3,1,420,4,1,2,2,1,3,2,5484,1,1,2,14,3,3,80,1,13,3,2,13,8,4,8
52,0,1,1,2,4,1,329,1,1,2,5,6,3,1,19068,1,1,1,18,3,4,80,0,33,2,4,33,7,15,12
31,0,2,2,9,1,1,581,3,1,3,3,4,2,3,10648,1,1,2,25,4,4,80,1,13,6,4,13,8,0,8
19,1,1,2,10,3,2,1248,1,2,2,1,2,2,1,1859,1,1,1,25,4,2,80,0,1,2,4,1,1,0,0
35,0,2,1,8,4,1,805,1,2,3,1,7,4,2,2572,1,1,2,16,3,2,80,1,3,1,2,3,2,0,2
27,0,3,2,15,3,1,1870,4,2,2,1,2,1,2,4774,0,1,2,19,3,4,80,1,8,2,2,7,6,7,3
26,1,2,2,24,3,4,622,3,1,1,1,3,4,1,2340,1,1,1,18,3,2,80,0,1,3,1,1,0,0,0
28,0,2,2,15,2,1,1102,1,1,3,1,3,3,3,2207,1,1,2,16,3,4,80,1,4,5,2,4,2,2,2
56,1,2,2,24,2,1,1907,1,1,3,1,3,4,1,2587,1,1,2,16,3,4,80,0,5,3,3,4,2,1,0
47,0,1,2,14,4,4,1934,3,1,3,2,2,2,2,5467,8,1,2,18,3,3,80,1,16,4,4,8,7,1,7
40,1,2,1,25,4,3,1318,4,1,2,3,1,2,1,9094,2,1,1,12,3,3,80,0,9,2,3,5,4,1,0
31,0,2,2,4,3,2,1916,1,2,4,1,3,3,3,3978,8,1,2,12,3,2,80,1,4,0,2,2,2,2,2
23,1,2,2,6,3,1,811,3,1,4,1,3,1,2,1601,1,1,1,21,4,3,80,2,1,2,3,0,0,0,0
33,0,2,3,2,3,3,1207,2,1,3,1,3,3,2,3600,1,1,2,13,3,4,80,1,5,2,3,5,4,1,4
27,0,2,1,2,2,2,1898,1,2,4,2,1,3,1,6500,0,1,2,14,3,2,80,0,9,5,2,8,7,0,7
43,0,2,1,2,3,2,1706,4,1,3,2,1,4,2,7847,1,1,1,17,3,1,80,1,10,3,3,10,9,8,8
35,0,2,1,28,4,1,1554,2,2,2,1,7,3,2,2430,0,1,2,23,4,1,80,2,6,5,3,5,3,4,2
40,0,3,1,5,4,1,729,4,1,2,3,1,1,2,10475,5,1,1,21,4,3,80,1,20,2,3,18,13,1,12
36,0,1,2,18,4,1,1133,1,1,3,2,4,4,1,7779,2,1,2,20,4,1,80,0,18,0,3,11,9,0,9
30,0,3,2,1,2,2,57,3,2,3,2,3,4,1,4011,1,1,2,23,4,4,80,0,12,2,3,12,8,3,7
55,0,2,2,2,4,4,1873,2,1,2,1,2,4,2,2662,8,1,2,20,4,2,80,1,19,2,4,5,2,0,4
35,0,2,1,1,5,3,204,3,1,3,3,1,2,2,7295,1,1,2,13,3,1,80,2,10,3,3,10,8,0,6
29,0,2,2,8,1,2,1150,2,1,2,2,4,4,2,5056,1,1,1,15,3,3,80,1,10,2,2,10,7,1,2
39,1,1,2,2,3,1,1458,1,2,2,1,3,1,1,3646,2,1,1,23,4,2,80,0,11,2,4,1,0,0,0
18,0,2,1,10,3,2,411,4,2,2,1,7,3,1,1200,1,1,2,12,3,1,80,0,0,2,3,0,0,0,0
30,0,2,2,9,2,2,41,4,1,2,1,3,3,1,2206,1,1,2,13,3,1,80,0,10,5,3,10,0,1,8
43,0,2,2,12,3,1,520,1,1,2,4,8,2,3,14336,1,1,2,11,3,3,80,1,25,3,3,25,10,3,9
40,0,2,2,1,4,1,1892,1,1,3,4,6,1,3,16823,2,1,2,11,3,1,80,1,22,3,3,19,7,11,16
35,0,3,2,18,4,1,2049,3,1,3,2,5,3,2,5689,1,1,1,14,3,4,80,2,10,2,4,10,2,0,2
35,1,2,1,10,3,2,1639,4,1,2,3,1,1,2,10306,9,1,2,17,3,3,80,0,15,3,3,13,12,6,0
33,0,1,1,22,2,3,160,3,1,3,2,1,2,2,6146,0,1,2,13,3,1,80,1,8,2,4,7,7,0,7
45,0,2,1,9,3,3,864,4,1,3,3,1,1,3,10761,4,1,1,12,3,3,80,1,18,2,3,5,4,0,2
47,0,2,2,1,3,4,1438,1,1,3,1,2,4,2,3420,7,1,2,12,3,3,80,1,17,2,2,6,5,1,2
26,1,2,2,21,3,2,1107,1,1,3,1,3,3,3,2377,1,1,2,20,4,3,80,1,1,0,2,1,1,0,0
42,0,1,2,2,1,1,1334,3,1,3,4,6,3,2,17861,0,1,1,13,3,4,80,0,21,3,2,20,8,2,10
29,0,2,2,7,1,2,912,1,2,2,1,3,4,3,2532,6,1,2,14,3,3,80,3,8,5,3,4,3,0,3
40,0,1,2,9,5,1,287,4,1,2,2,5,4,2,4876,9,1,2,14,3,4,80,1,5,5,1,3,2,0,2
34,0,1,1,10,3,1,1774,4,1,3,2,1,3,3,4001,1,1,1,14,3,3,80,1,15,3,3,15,14,0,7
43,0,3,2,9,5,2,663,4,1,3,2,3,3,3,5679,3,1,1,13,3,2,80,1,10,3,3,8,7,4,7
31,0,2,2,12,3,2,961,4,2,3,2,5,4,2,5855,0,1,1,11,3,3,80,2,10,2,1,9,7,8,5
31,0,2,1,29,4,3,1784,1,2,2,2,1,4,2,5468,1,1,2,14,3,1,80,2,13,3,3,12,7,5,7
22,0,2,2,19,1,2,217,3,1,3,1,2,4,2,2323,1,1,2,24,4,1,80,2,2,6,3,2,2,2,2
33,0,2,2,14,3,2,252,4,2,3,1,2,2,2,2756,1,1,2,13,3,4,80,1,8,5,3,8,7,1,6
55,0,1,2,8,1,2,1278,4,1,2,4,5,2,3,13577,1,1,1,15,3,4,80,1,34,3,3,33,9,15,0
27,0,3,1,2,1,1,1371,4,1,1,2,1,4,1,5071,3,1,2,20,4,2,80,0,8,3,3,6,2,0,0
30,0,1,2,2,3,2,571,3,2,3,1,3,4,1,2564,0,1,2,14,3,3,80,0,12,2,2,11,7,6,7
33,0,3,2,3,4,1,5,4,2,3,1,2,3,2,2909,1,1,1,11,3,3,80,0,8,3,3,8,7,3,0
36,0,1,2,24,4,1,419,2,2,3,2,3,2,2,5674,7,1,2,15,3,3,80,1,11,3,3,9,8,0,8
33,0,2,1,10,4,3,1924,2,1,3,2,1,3,1,5487,1,1,2,14,3,2,80,0,10,2,2,10,4,0,9
28,0,2,2,1,3,2,1834,3,2,3,1,2,1,2,3591,1,1,2,25,4,3,80,1,3,3,3,3,2,1,2
30,1,2,1,1,3,1,1562,2,1,2,2,1,1,2,9714,1,1,2,11,3,4,80,1,10,4,3,10,8,6,7
29,1,2,1,27,3,3,283,2,2,3,3,1,4,2,7639,1,1,2,22,4,4,80,3,10,3,2,10,4,1,9
39,1,2,2,23,3,2,1310,3,1,3,1,2,1,1,3904,0,1,2,13,3,1,80,0,6,2,3,5,2,0,3
36,0,2,2,26,4,1,1682,1,1,3,2,5,3,2,5347,6,1,2,14,3,2,80,2,10,2,2,3,2,0,2
32,0,1,2,29,4,2,1046,4,2,3,1,3,3,1,4025,9,1,2,12,3,2,80,0,10,2,3,8,7,7,7
23,0,2,2,4,3,2,705,1,1,4,1,2,1,2,2819,2,1,2,16,3,1,80,1,5,3,4,3,2,0,2
29,0,2,1,10,3,1,749,3,1,3,1,7,3,1,2642,1,1,2,11,3,3,80,0,1,6,3,1,0,0,0
41,0,2,1,1,3,3,534,2,1,4,3,1,1,2,8392,1,1,2,16,3,3,80,1,10,2,3,10,7,0,7
54,0,2,2,7,4,2,1830,4,2,3,2,2,4,2,6854,4,1,2,15,3,2,80,1,14,2,2,7,1,1,7
35,1,3,2,25,4,1,881,4,2,3,1,2,2,3,2022,1,1,1,19,3,1,80,1,10,3,2,10,2,7,8
28,0,3,2,6,3,1,1154,3,1,2,1,2,3,3,2703,1,1,1,14,3,4,80,1,3,2,3,3,1,0,2
34,0,2,1,3,2,1,1779,4,2,1,2,1,4,1,6029,5,1,2,12,3,1,80,0,6,3,3,2,2,2,2
31,0,3,2,1,3,1,1956,4,1,1,2,2,1,2,5003,1,1,2,21,4,2,80,0,10,6,3,10,8,8,7
32,1,1,1,11,4,6,631,4,1,4,2,1,3,2,4707,8,1,2,12,3,4,80,0,6,2,3,4,2,1,2
40,0,3,2,11,3,4,1985,4,2,3,2,3,3,2,6323,1,1,2,11,3,1,80,1,10,2,4,10,9,9,4
28,0,2,2,2,1,1,1136,1,1,2,1,2,2,2,3201,0,1,2,17,3,1,80,0,6,2,1,5,3,0,4
22,0,2,2,1,2,1,872,4,1,2,2,4,4,2,4775,6,1,2,22,4,1,80,2,4,2,1,2,2,2,2
28,0,3,2,1,4,2,1286,4,1,3,1,3,3,1,2154,0,1,1,11,3,3,80,0,5,2,2,4,2,0,2
25,0,2,1,4,2,1,527,2,2,2,2,1,4,1,4487,1,1,1,11,3,2,80,0,5,3,3,5,4,1,3
35,0,1,2,3,3,1,704,3,1,2,1,3,3,2,1281,1,1,2,18,3,3,80,2,1,3,3,1,0,0,0
32,0,2,1,7,5,3,1446,4,1,3,2,1,4,2,9204,4,1,2,12,3,3,80,1,7,3,2,4,3,0,3
38,0,2,2,6,2,6,1782,4,2,2,1,3,3,2,3702,1,1,2,11,3,2,80,1,5,3,3,5,4,0,4
29,1,3,1,13,3,4,1487,1,2,3,2,1,2,1,5765,5,1,2,11,3,1,80,0,7,4,1,5,3,0,0
25,0,2,1,28,3,1,183,1,1,2,2,1,3,2,8639,2,1,2,18,3,4,80,0,6,3,3,2,2,2,2
29,0,2,2,15,2,1,15,4,2,2,2,3,3,1,4193,0,1,1,12,3,4,80,0,10,3,3,9,5,0,8
31,0,1,2,5,3,2,2057,2,1,3,2,4,1,1,9936,0,1,2,19,3,2,80,0,10,2,3,9,4,1,7
40,0,2,2,24,2,4,335,1,1,3,2,2,4,3,3319,1,1,2,17,3,1,80,2,9,3,3,9,8,4,7
54,0,3,2,20,4,1,450,4,2,3,2,2,3,1,4869,3,1,2,12,3,4,80,0,20,4,2,4,3,0,3
47,0,2,2,2,4,2,1443,1,2,3,4,8,3,2,17169,3,1,2,19,3,2,80,2,26,2,4,20,17,5,6
27,0,3,1,8,1,3,800,3,1,3,2,1,4,2,4342,0,1,2,19,3,2,80,1,5,3,3,4,2,1,1
35,0,2,1,1,3,2,620,1,2,3,2,1,3,1,4859,1,1,2,16,3,4,80,0,5,3,3,5,4,0,3
48,0,1,2,1,4,2,1116,1,1,4,4,6,4,1,16885,2,1,2,22,4,3,80,0,27,3,2,5,4,2,1
47,0,2,3,26,4,1,1625,4,2,3,5,6,3,2,19658,3,1,2,11,3,3,80,1,27,2,3,5,2,1,0
51,0,2,2,6,3,1,162,1,1,3,5,8,3,1,19537,7,1,2,13,3,3,80,0,23,5,3,20,18,15,15
41,0,1,2,2,4,6,616,1,2,2,2,5,3,1,6811,2,1,1,17,3,1,80,0,10,3,3,8,7,0,7
30,0,2,1,15,2,3,1754,3,1,2,3,1,1,3,7140,2,1,2,11,3,1,80,1,12,2,3,7,7,1,7
34,0,2,1,8,2,4,1823,2,1,4,2,1,3,2,6799,1,1,2,21,4,3,80,2,10,5,3,10,8,4,8
30,0,2,1,10,3,3,1179,3,1,2,2,1,3,2,6578,1,1,2,18,3,1,80,1,10,3,3,10,3,1,4
27,0,1,2,3,3,2,850,4,1,3,1,2,4,2,1706,1,1,2,11,3,3,80,3,0,6,2,0,0,0,0
41,0,2,3,1,3,3,734,4,1,2,5,6,3,2,19189,1,1,2,12,3,2,80,1,22,3,3,22,7,2,10
49,0,2,2,8,2,6,944,1,2,3,3,3,2,2,7403,4,1,2,11,3,3,80,1,29,3,2,26,9,1,7
35,0,2,2,1,3,2,1369,4,2,2,2,3,4,2,5363,0,1,2,12,3,2,80,1,10,0,3,9,7,0,0
36,0,2,2,12,5,2,1073,4,2,2,3,4,4,1,8858,0,1,2,11,3,2,80,0,15,2,2,14,8,7,8
29,1,2,1,1,3,2,896,2,2,2,1,7,3,3,2800,6,1,1,19,3,3,80,3,5,3,3,3,2,0,2
20,1,3,1,9,3,3,1077,4,2,3,1,7,4,1,2323,1,1,1,14,3,2,80,0,2,3,3,2,2,0,2
35,1,2,2,23,2,1,261,2,1,2,2,4,3,2,5916,3,1,1,13,3,1,80,0,8,1,3,1,0,0,1
56,0,2,2,4,4,4,1191,4,2,3,5,6,1,3,19943,4,1,2,13,3,4,80,1,28,2,3,5,2,4,2
38,0,3,2,2,2,1,556,4,1,3,1,3,4,2,1702,1,1,1,23,4,3,80,1,1,3,3,1,0,0,0
36,0,2,2,27,3,2,13,3,1,3,2,5,3,2,5237,6,1,2,13,3,2,80,2,17,3,2,7,7,7,7
26,0,3,2,1,3,1,384,3,2,3,2,4,2,3,6397,1,1,2,20,4,1,80,1,6,6,1,6,5,1,4
50,0,1,2,2,4,1,905,1,1,3,4,6,1,3,17924,1,1,2,11,3,4,80,1,31,3,3,31,6,14,7
32,1,2,2,9,3,2,190,1,2,3,1,3,1,1,4200,7,1,2,22,4,1,80,0,10,2,4,5,4,0,4
32,0,2,1,1,4,2,2013,2,1,2,1,7,2,2,2269,0,1,2,14,3,2,80,1,3,2,3,2,2,2,2
29,0,2,2,1,3,1,1249,1,2,3,1,2,4,3,3760,1,1,2,15,3,1,80,3,3,5,3,3,2,1,2
30,0,2,2,6,3,4,1311,1,2,2,2,3,4,2,4627,0,1,2,12,3,1,80,1,10,6,3,9,2,6,7
40,0,1,1,28,3,6,615,3,1,1,3,1,1,3,10932,3,1,2,15,3,3,80,1,20,2,3,1,0,0,1
34,0,3,2,1,4,6,1431,4,1,3,1,2,1,3,2996,5,1,2,14,3,3,80,2,10,2,3,4,3,1,3
29,0,2,2,3,1,2,1586,2,1,3,1,3,1,1,4723,1,1,1,18,3,4,80,0,10,3,3,10,9,1,5
55,0,2,2,1,3,2,374,4,1,3,5,6,1,1,19045,0,1,1,14,3,3,80,0,37,2,3,36,10,4,13
38,0,2,1,1,4,1,230,1,2,2,2,1,4,1,8686,4,1,2,22,4,3,80,0,12,2,4,8,3,0,7
46,0,1,1,26,2,1,1801,2,1,2,2,1,2,1,7991,8,1,2,15,3,3,80,0,6,3,3,2,2,2,2
36,0,2,1,3,4,3,1425,1,2,3,2,1,2,1,9278,3,1,1,16,3,4,80,0,15,3,3,5,4,0,1
58,1,2,2,2,3,4,977,4,1,3,1,2,3,1,2479,4,1,2,24,4,1,80,0,7,4,3,1,0,0,0
44,0,2,2,7,4,2,36,1,2,2,3,5,4,2,10248,3,1,2,14,3,4,80,1,24,4,3,22,6,5,17
40,0,2,1,26,3,3,1066,3,1,3,2,1,1,2,8396,1,1,2,14,3,2,80,1,8,3,2,7,7,7,5
33,0,2,2,13,1,1,995,2,2,3,1,2,4,1,3452,3,1,2,18,3,1,80,0,5,4,3,3,2,0,2
26,1,3,2,3,1,4,510,3,1,3,1,2,1,1,3102,0,1,2,22,4,3,80,0,7,2,3,6,4,0,4
49,0,2,2,16,3,2,1674,4,2,3,1,3,1,3,2587,4,1,1,16,3,2,80,1,17,2,2,2,2,2,2
35,0,2,3,26,4,1,2040,3,2,3,3,3,4,1,8837,1,1,1,16,3,3,80,0,9,2,3,9,0,1,7
27,0,1,2,8,5,1,1094,1,1,1,1,3,3,2,4621,1,1,2,19,3,4,80,3,3,4,3,3,2,1,2
26,0,2,2,6,3,6,164,3,2,2,1,2,2,2,2368,1,1,2,19,3,3,80,0,5,3,2,5,4,4,3
49,0,2,2,20,4,2,170,3,2,3,2,4,1,2,6567,1,1,2,14,3,3,80,0,16,2,2,15,11,5,11
49,0,2,2,1,2,4,431,3,2,2,4,5,3,1,13964,7,1,1,12,3,4,80,0,25,2,3,7,1,0,7
45,0,2,2,25,2,1,1888,2,2,2,2,4,4,2,5906,0,1,2,13,3,4,80,2,10,2,2,9,8,3,8
28,1,2,2,5,4,4,65,3,1,3,1,3,3,1,3441,1,1,1,13,3,3,80,0,2,3,2,2,2,2,2
26,0,2,2,6,3,1,686,3,2,3,1,3,4,2,2659,1,1,1,13,3,3,80,1,3,2,3,3,2,0,2
44,1,2,2,10,4,1,1200,3,1,3,1,2,3,1,2936,1,1,1,11,3,3,80,0,6,4,3,6,4,0,2
40,0,2,2,1,4,1,1361,2,1,3,1,3,2,2,2387,3,1,2,22,4,3,80,1,7,3,3,4,2,0,3
26,0,2,1,5,3,6,2060,4,2,2,1,7,3,1,2966,0,1,2,18,3,4,80,0,5,2,3,4,2,0,0
34,0,1,2,3,4,1,1115,3,1,2,1,2,4,2,2979,3,1,2,17,3,4,80,3,6,2,3,0,0,0,0
34,0,3,2,2,2,1,1140,4,1,3,2,4,3,1,4033,2,1,2,11,3,4,80,0,5,3,2,3,2,0,2
35,0,2,2,27,4,1,1728,4,1,3,2,4,3,2,6883,2,1,2,16,3,2,80,1,17,3,3,7,7,0,7
43,0,2,2,6,3,2,1402,1,2,2,2,2,3,1,4081,1,1,1,14,3,1,80,0,20,3,1,20,7,1,8
30,0,2,2,2,3,1,117,3,1,2,2,5,4,2,4152,1,1,2,19,3,1,80,3,11,3,3,11,10,10,8
44,0,2,2,1,4,1,1903,2,1,4,2,5,1,2,5033,2,1,2,15,3,4,80,1,10,5,3,2,0,2,2
42,0,2,2,12,3,2,1768,2,1,3,1,3,2,3,2766,8,1,2,22,4,2,80,3,7,6,2,5,3,0,4
30,0,1,2,3,3,1,562,3,1,3,1,3,4,2,2097,4,1,2,15,3,3,80,1,9,3,1,5,3,1,4
30,0,1,1,22,4,6,567,3,2,3,3,1,1,2,8412,0,1,2,11,3,3,80,0,10,3,3,9,8,7,8
38,0,3,2,10,1,2,1006,3,1,3,1,2,3,2,2684,0,1,2,17,3,2,80,1,3,0,2,2,1,0,2
31,1,3,1,1,4,1,1427,2,2,1,1,7,3,1,1359,1,1,2,12,3,2,80,0,1,3,3,1,0,0,0
54,0,2,1,2,4,1,1070,3,2,2,3,1,3,2,10686,6,1,2,11,3,2,80,1,13,4,3,9,4,7,0
48,0,2,2,15,4,6,1576,3,2,3,1,2,1,2,2367,8,1,2,12,3,4,80,1,10,3,2,8,2,7,6
31,0,2,3,8,2,2,1461,4,2,4,1,3,2,1,2109,9,1,2,18,3,4,80,0,8,3,3,3,2,0,2
39,0,2,1,15,4,3,1975,2,1,3,4,1,1,1,13341,0,1,2,12,3,1,80,0,21,3,3,20,8,11,10
25,0,2,1,8,3,1,707,4,1,4,2,1,2,2,4851,0,1,2,22,4,3,80,1,4,4,3,3,2,1,2
34,0,2,1,1,4,3,1047,2,1,4,2,1,4,3,9725,0,1,2,11,3,4,80,1,16,2,2,15,1,0,9
27,1,2,1,2,1,3,667,3,1,3,1,7,1,3,3041,0,1,2,11,3,2,80,1,5,3,3,4,3,0,2
45,0,2,2,20,3,2,1460,2,1,1,3,5,1,3,10851,2,1,1,18,3,2,80,1,24,2,3,7,7,0,7
27,0,1,2,9,3,2,218,4,1,3,1,2,2,3,2024,6,1,2,18,3,4,80,1,6,1,1,2,2,2,2
46,0,2,2,2,2,1,1857,4,1,3,3,4,4,3,8578,3,1,2,14,3,3,80,1,12,4,2,9,8,4,7
26,1,2,3,20,2,2,1818,4,2,3,1,3,2,2,2148,0,1,1,11,3,3,80,0,6,3,3,5,1,1,4
35,0,2,1,1,3,3,600,2,1,3,2,1,3,2,4717,9,1,2,11,3,3,80,0,15,2,3,11,9,6,9
36,0,2,3,13,3,3,829,3,1,3,1,3,2,2,2143,4,1,2,13,3,2,80,1,8,2,3,5,2,0,4
43,0,1,2,7,3,2,262,4,1,4,1,2,4,3,2089,4,1,2,14,3,4,80,3,7,3,4,5,4,2,2
32,1,2,2,2,4,1,1692,4,1,3,1,3,2,1,1393,1,1,2,12,3,1,80,0,1,2,3,1,0,0,0
33,1,2,2,25,3,2,1108,1,1,2,1,2,2,1,2313,4,1,1,20,4,2,80,0,5,0,3,2,2,2,2
26,0,3,1,1,3,2,956,3,1,2,2,1,1,1,4294,1,1,2,12,3,2,80,0,7,2,3,7,7,0,7
45,0,3,2,25,3,2,1306,2,2,3,5,6,2,1,18061,3,1,2,22,4,3,80,0,22,4,3,0,0,0,0
35,0,2,2,4,2,6,53,3,1,3,1,3,4,3,1951,1,1,2,12,3,3,80,1,1,3,3,1,0,0,0
32,0,2,2,8,2,2,865,3,2,4,2,2,3,2,5175,5,1,2,12,3,3,80,1,9,3,2,5,3,1,3
31,0,1,2,10,3,2,1979,3,2,3,3,8,3,2,11031,4,1,2,20,4,3,80,1,13,2,4,11,7,4,8
36,0,2,2,8,3,4,83,3,2,3,3,5,3,3,10096,1,1,2,13,3,2,80,3,17,2,3,17,14,12,8
55,1,2,2,2,3,2,787,4,1,3,5,6,1,2,19859,5,1,1,13,3,4,80,1,24,2,3,5,2,1,4
29,0,2,2,1,3,1,1954,1,1,3,2,5,1,2,5373,0,1,2,12,3,1,80,1,6,5,2,5,3,0,2
39,0,2,2,24,1,1,2014,1,1,3,2,2,4,1,4108,7,1,2,13,3,1,80,0,18,2,3,7,7,1,7
34,0,2,1,10,4,1,1055,3,2,3,1,7,3,2,2220,1,1,1,19,3,4,80,1,1,2,3,1,1,0,0
49,0,2,2,1,3,1,1677,3,1,3,4,6,3,1,15379,4,1,2,14,3,1,80,0,23,2,3,8,7,0,0
36,0,3,2,11,3,1,85,2,1,2,2,4,2,1,6499,1,1,2,13,3,3,80,0,6,3,3,6,5,0,3
25,1,2,1,5,3,3,142,3,1,2,2,1,3,1,5744,1,1,1,11,3,4,80,0,6,1,3,6,4,0,3
35,0,2,2,7,3,6,845,3,1,3,3,4,3,1,10221,3,1,2,21,4,2,80,0,17,3,4,8,5,1,6
28,0,2,2,8,2,1,395,4,2,3,1,2,4,1,3310,1,1,2,21,4,4,80,0,5,3,3,5,3,0,2
28,0,1,2,1,3,1,1315,3,2,1,2,3,4,2,6674,0,1,2,11,3,1,80,3,10,6,3,9,8,7,5
37,0,2,3,8,2,6,1794,3,1,3,2,3,2,3,4071,2,1,2,13,3,3,80,0,19,4,2,10,0,4,7
36,0,1,2,9,4,1,1949,1,1,4,1,3,2,2,2810,1,1,2,22,4,2,80,0,5,3,3,5,4,0,2
31,0,2,1,2,1,1,604,2,1,3,2,1,4,1,6582,4,1,1,13,3,3,80,0,10,2,4,6,5,0,5
35,0,2,2,16,2,6,1886,4,2,2,2,4,2,2,4788,0,1,1,11,3,4,80,0,4,2,3,3,2,0,2
30,1,3,2,4,3,4,514,3,1,3,1,2,4,1,2285,9,1,1,23,4,3,80,0,3,4,3,1,0,0,0
34,0,2,2,9,3,2,717,4,2,2,3,5,2,1,8621,1,1,2,14,3,2,80,0,9,3,4,8,7,7,7
38,0,3,2,29,5,1,79,4,2,3,2,3,4,1,2406,1,1,2,11,3,4,80,0,10,2,3,10,3,9,9
38,0,2,2,2,3,1,24,4,1,3,1,2,4,1,3944,5,1,1,11,3,3,80,0,6,3,3,3,2,1,2
36,0,2,2,4,4,1,1435,1,1,2,2,3,4,1,5810,1,1,2,16,3,3,80,0,10,2,2,10,4,1,8
23,1,2,2,8,1,2,1684,4,1,2,1,3,3,1,3989,1,1,1,11,3,1,80,0,5,2,3,5,4,1,2
27,0,2,2,4,3,1,2064,2,1,4,2,4,2,2,6142,1,1,1,20,4,2,80,1,6,0,3,6,2,0,3
35,0,2,2,22,3,1,577,4,1,1,1,3,3,1,4230,0,1,2,15,3,3,80,0,6,2,3,5,4,4,3
38,0,2,2,9,2,1,1940,2,1,3,1,2,4,3,4771,2,1,2,19,3,4,80,2,10,0,4,5,2,0,3
32,0,2,2,3,2,1,727,3,2,3,3,8,4,1,11159,3,1,2,15,3,4,80,0,10,6,3,7,7,7,7
23,0,2,2,9,1,2,758,2,1,3,1,3,1,2,2500,1,1,2,14,3,4,80,1,5,2,4,4,3,0,2
32,0,2,1,13,4,1,859,2,1,3,2,1,4,3,4403,2,1,2,11,3,3,80,1,8,3,2,5,2,0,3
55,0,3,2,2,1,1,1096,4,1,3,3,4,2,2,10976,3,1,2,18,3,2,80,1,23,4,3,3,2,1,2
46,0,2,2,2,3,1,575,1,1,3,4,8,3,2,17861,6,1,2,13,3,3,80,0,26,2,1,3,2,0,1
60,0,3,1,28,3,3,573,3,2,2,3,1,1,2,10266,4,1,2,19,3,4,80,0,22,5,4,18,13,13,11
29,1,2,1,9,3,3,1752,2,2,1,1,7,2,1,2760,1,1,2,13,3,3,80,0,2,3,3,2,2,2,2
49,0,2,2,1,3,4,887,3,2,3,1,2,1,2,3580,2,1,2,16,3,2,80,1,7,2,3,4,2,0,2
42,1,3,1,12,3,1,1167,3,1,3,4,1,1,1,13758,0,1,1,12,3,2,80,0,22,2,2,21,9,13,14
35,0,3,1,1,3,3,314,3,2,3,3,1,3,1,8789,1,1,2,14,3,1,80,0,10,3,4,10,7,0,8
37,0,2,2,6,3,2,474,3,1,4,2,2,1,3,5974,4,1,1,13,3,1,80,2,13,2,3,7,7,6,7
53,0,2,2,24,4,2,1689,2,1,4,3,5,4,2,7005,3,1,2,15,3,3,80,0,11,2,3,4,3,1,2
37,0,2,2,10,3,2,1640,2,2,3,1,2,2,2,3936,1,1,2,11,3,1,80,1,8,2,1,8,4,7,7
50,0,3,2,22,5,2,1539,3,1,1,4,8,4,1,14411,1,1,1,13,3,4,80,0,32,2,3,32,6,13,9
54,0,2,2,2,4,4,126,1,2,3,3,8,3,2,13549,9,1,2,12,3,1,80,1,16,5,1,4,3,0,3
50,0,3,3,3,3,2,644,1,1,3,5,6,2,2,18200,1,1,2,11,3,3,80,1,32,2,3,32,5,10,7
48,0,2,2,4,3,1,1363,4,1,3,3,4,4,1,7898,1,1,2,11,3,3,80,0,11,2,3,10,9,0,8
29,0,2,1,3,2,2,690,2,2,3,2,1,3,2,5561,1,1,2,14,3,1,80,1,6,5,2,6,0,1,2
51,0,2,3,5,3,1,1352,3,1,3,4,6,2,3,14026,1,1,1,11,3,2,80,1,33,2,3,33,9,0,10
32,1,3,2,5,2,1,1939,1,2,4,1,2,3,1,2432,3,1,1,14,3,1,80,0,8,2,3,4,1,0,3
41,1,2,2,2,4,1,927,2,2,1,1,3,4,3,2778,4,1,1,13,3,3,80,1,10,1,2,7,7,1,0
54,0,2,1,3,3,3,303,4,2,3,2,1,1,2,5940,2,1,2,14,3,4,80,1,16,4,3,6,2,0,5
24,0,2,2,17,2,6,643,4,1,2,1,3,2,2,2127,1,1,2,21,4,4,80,1,1,2,3,1,0,0,0
30,0,2,1,16,1,1,1479,4,1,3,2,1,3,2,5301,8,1,2,15,3,3,80,2,4,2,2,2,1,2,2
25,0,1,2,5,2,1,369,2,1,4,2,5,1,3,4000,1,1,2,12,3,4,80,2,6,2,3,6,3,1,5
50,0,2,2,1,3,2,249,3,1,2,1,3,3,2,3690,2,1,2,15,3,4,80,1,5,2,2,3,2,0,2
32,0,3,2,13,3,6,1234,3,2,2,1,3,2,2,2743,1,1,2,20,4,3,80,1,2,2,3,2,2,2,2
41,0,3,2,22,3,1,1392,4,2,3,2,2,4,3,5467,3,1,1,14,3,1,80,2,12,4,2,6,2,3,3
32,0,3,1,9,2,2,195,4,1,1,2,1,4,3,4668,0,1,2,17,3,4,80,3,9,2,4,8,7,0,7
34,0,2,1,4,3,1,1882,3,1,3,3,1,4,2,9713,2,1,1,13,3,4,80,3,9,3,3,5,3,1,0
34,0,2,2,1,4,1,1580,2,1,3,2,2,4,2,5484,9,1,2,17,3,2,80,1,9,3,2,2,2,2,1
30,0,1,2,9,2,2,1298,3,2,3,2,4,3,1,4695,7,1,1,18,3,3,80,0,10,3,3,8,4,1,7
50,0,2,2,2,4,2,1061,2,1,3,5,8,3,2,19237,2,1,1,11,3,4,80,1,29,2,2,8,1,7,7
43,0,2,2,6,4,6,661,2,1,2,4,8,4,3,16627,4,1,1,14,3,3,80,1,21,3,2,1,0,0,0
26,0,2,2,3,3,1,1581,1,2,3,1,2,4,2,2061,1,1,2,21,4,1,80,0,1,5,3,1,0,0,0
52,1,2,2,8,4,2,433,3,1,2,2,2,2,2,4941,2,1,2,15,3,1,80,0,11,3,2,8,2,7,7
44,0,2,2,4,2,1,1288,3,1,4,5,6,1,3,19190,1,1,2,14,3,4,80,2,26,4,2,25,9,14,13
53,0,2,1,8,3,3,897,1,1,3,4,1,4,2,11836,5,1,2,14,3,3,80,1,28,3,3,2,0,2,2
50,0,2,2,11,3,1,226,3,2,3,5,6,2,1,19926,3,1,2,15,3,2,80,0,21,5,3,5,4,4,4
48,0,2,2,10,3,1,1867,4,1,2,5,8,2,2,19665,4,1,2,12,3,4,80,0,29,3,3,22,10,12,9
33,0,2,2,5,4,1,338,3,2,2,1,2,4,2,2911,1,1,2,13,3,3,80,1,2,2,2,2,2,0,2
52,0,2,2,11,4,1,813,4,2,3,2,3,3,2,3149,8,1,2,20,4,2,80,1,9,3,3,5,2,1,4
46,0,2,1,2,4,3,38,2,2,3,5,6,1,1,18947,3,1,2,12,3,4,80,0,22,2,2,2,2,2,1
34,0,3,2,10,4,1,1615,3,1,4,2,4,4,3,4724,1,1,2,13,3,1,80,1,9,3,3,9,7,7,2
33,1,3,2,29,4,2,1101,1,2,2,2,2,3,1,4508,1,1,2,22,4,2,80,0,14,4,3,13,7,3,8
28,0,3,2,2,3,1,1296,4,1,2,1,3,4,2,3867,1,1,1,12,3,2,80,1,2,2,3,2,2,2,2
41,0,2,2,7,2,4,1085,2,2,4,1,2,3,2,3376,1,1,2,13,3,3,80,0,10,3,3,10,6,0,8
43,0,3,1,2,4,1,1849,1,1,3,2,1,4,2,5675,1,1,2,20,4,3,80,1,7,5,3,7,7,7,7
35,0,2,2,1,3,2,1564,4,1,2,1,3,1,1,2450,1,1,2,19,3,2,80,0,3,3,3,3,0,1,2
31,0,1,1,2,4,1,1324,4,2,3,3,1,3,3,9852,1,1,1,19,3,1,80,1,10,5,2,10,8,9,6
38,0,3,2,2,3,2,1675,4,2,2,1,3,2,1,2440,1,1,2,22,4,2,80,0,4,3,3,4,3,3,3
33,0,2,2,1,3,1,969,2,2,2,2,5,4,1,6949,0,1,2,14,3,1,80,0,6,3,3,5,0,1,4
44,0,3,2,2,1,2,1496,2,1,3,3,4,3,1,10209,5,1,1,18,3,2,80,0,16,2,2,2,2,2,2
24,0,1,2,11,2,6,26,1,2,4,2,4,3,3,4011,0,1,2,18,3,4,80,1,5,5,2,4,2,1,3
41,1,2,1,20,2,3,248,2,2,3,1,7,2,1,3140,1,1,1,22,4,4,80,0,4,5,2,4,3,0,2
41,0,3,1,1,3,3,1349,3,2,3,2,1,1,3,4103,0,1,2,17,3,4,80,1,10,2,3,9,3,1,7
47,0,3,1,3,3,2,746,4,2,3,4,1,3,3,13770,9,1,1,12,3,4,80,2,28,2,2,22,2,11,13
34,0,3,2,19,3,2,1285,3,2,3,2,3,2,3,4444,4,1,2,13,3,3,80,2,15,2,4,11,8,5,10
42,0,2,2,3,3,1,894,3,2,4,2,3,4,2,5231,2,1,1,13,3,2,80,1,17,1,2,5,3,1,3
37,0,1,2,1,4,2,380,1,2,3,3,8,4,3,13603,2,1,1,18,3,1,80,2,15,2,3,5,2,0,2
36,0,3,2,4,2,1,2025,4,2,3,2,4,2,3,5131,7,1,2,13,3,2,80,3,18,3,3,4,2,0,2
43,0,2,2,11,3,1,1971,1,1,3,3,5,3,2,7510,1,1,2,17,3,2,80,1,10,1,3,10,9,0,9
33,0,3,1,25,3,2,1220,2,2,3,2,1,3,2,4539,1,1,2,12,3,1,80,1,10,3,2,10,7,0,1
31,1,2,1,16,4,3,1761,1,1,3,3,1,3,2,8161,2,1,2,13,3,1,80,3,10,2,3,1,0,0,0
31,0,2,2,2,1,2,1974,4,2,1,1,3,4,3,1129,1,1,1,11,3,3,80,3,1,4,3,1,0,0,0
55,1,2,1,13,4,3,1372,1,1,4,4,1,3,1,13695,6,1,1,17,3,3,80,0,24,2,2,19,7,3,8
32,0,2,2,29,4,1,2010,3,2,2,1,3,2,1,2837,1,1,2,13,3,3,80,0,6,3,3,6,2,4,1
37,1,2,3,6,4,3,133,3,1,3,1,3,1,3,2073,4,1,1,22,4,4,80,0,7,3,3,3,2,0,2
30,0,2,3,9,3,3,184,3,1,3,2,3,4,2,6347,0,1,1,19,3,4,80,0,12,2,1,11,9,4,7
24,0,1,1,13,2,1,1495,4,2,3,1,7,2,2,2033,1,1,2,13,3,3,80,1,1,2,3,1,0,0,0
26,0,3,2,1,2,1,792,1,2,1,1,3,4,3,4364,3,1,2,14,3,1,80,1,5,2,3,2,2,2,0
34,1,2,2,6,1,2,31,2,1,3,1,2,1,1,2960,2,1,2,11,3,3,80,0,8,2,3,4,2,1,3
23,0,2,2,4,1,2,1735,3,2,3,1,3,2,1,3295,1,1,2,13,3,3,80,0,3,3,1,3,2,1,2
33,0,2,1,8,4,3,677,3,1,3,2,1,3,3,7104,0,1,2,12,3,4,80,0,6,3,3,5,0,1,2
34,0,3,1,2,4,3,216,3,2,3,1,7,3,2,2231,6,1,2,18,3,4,80,1,6,3,3,4,3,1,2
51,0,2,2,3,3,4,1786,1,2,3,3,6,3,2,13116,2,1,2,11,3,4,80,0,15,2,3,2,2,2,2
59,0,2,2,3,3,2,10,3,2,4,1,3,1,2,2670,4,1,1,20,4,1,80,3,12,3,2,1,0,0,0
31,0,2,2,8,5,1,1430,1,2,3,4,8,2,1,16422,3,1,2,11,3,3,80,0,9,3,4,3,2,1,0
26,0,2,1,29,2,2,618,1,1,3,2,1,3,3,4306,5,1,2,12,3,1,80,2,8,5,3,0,0,0,0
32,0,2,1,19,3,1,1739,4,1,1,3,1,3,2,9610,3,1,2,13,3,3,80,1,10,2,1,4,3,0,2
27,0,2,2,19,3,6,1619,4,1,2,1,3,1,3,4066,1,1,2,11,3,1,80,2,7,3,3,7,7,0,7
40,0,3,2,26,2,2,1180,3,2,2,2,2,4,2,4422,3,1,1,13,3,4,80,1,16,3,1,1,1,0,0
46,0,2,2,8,4,1,1080,4,2,2,2,2,1,3,4615,8,1,1,23,4,1,80,3,19,2,3,16,13,1,7
53,0,2,2,5,3,6,32,3,2,3,5,6,3,3,19094,4,1,2,11,3,4,80,1,26,3,2,14,13,4,8
35,0,2,2,25,4,2,1014,3,2,3,3,5,3,3,10388,1,1,1,11,3,3,80,1,16,3,2,16,10,10,1
34,0,2,1,28,3,3,2035,4,2,2,2,1,3,2,6712,1,1,2,21,4,4,80,2,8,2,3,8,7,1,7
39,0,2,2,18,2,1,1322,1,1,3,2,4,3,1,4534,0,1,2,11,3,1,80,0,9,6,3,8,7,1,7
36,1,2,2,9,3,2,90,4,1,2,1,2,3,2,3388,0,1,1,17,3,1,80,1,2,0,2,1,0,0,0
29,0,2,1,10,3,2,1650,3,1,2,2,1,3,1,5869,9,1,2,11,3,3,80,0,8,2,3,5,2,1,4
36,0,2,2,6,2,2,178,2,1,3,2,4,2,3,4941,6,1,2,20,4,4,80,2,7,0,3,3,2,0,1
27,0,2,2,4,3,1,933,2,2,3,1,2,3,1,2318,1,1,2,19,3,3,80,0,1,2,3,1,1,0,0
35,0,2,2,28,3,1,1596,2,1,4,2,3,3,2,3407,1,1,2,17,3,4,80,2,10,3,2,10,9,6,8
30,0,2,2,7,4,1,1224,3,1,3,2,3,3,3,3491,1,1,2,13,3,1,80,3,10,4,2,10,7,8,9
45,1,2,1,2,3,3,1277,1,2,1,5,6,2,1,18824,2,1,1,16,3,1,80,0,26,2,3,24,10,1,11
28,1,2,2,12,1,1,1175,3,2,3,1,3,4,2,2515,1,1,1,11,3,4,80,0,1,4,2,1,1,0,0
34,0,2,2,2,4,1,579,4,1,2,1,2,3,3,2768,3,1,2,12,3,3,80,1,14,3,3,7,3,5,7
45,0,2,1,20,3,1,2046,4,2,3,2,1,3,1,4850,8,1,2,15,3,3,80,0,8,3,3,5,3,0,1
51,0,3,2,1,4,2,145,1,2,2,3,5,1,1,7484,3,1,2,20,4,3,80,0,23,1,2,13,12,12,8
46,1,2,2,21,2,2,1821,4,2,3,2,5,2,2,8926,4,1,2,22,4,4,80,1,13,2,4,9,7,3,7
42,0,3,2,2,3,1,1547,4,1,3,3,5,4,2,10124,2,1,1,14,3,3,80,1,24,3,1,20,8,13,9
31,1,3,2,20,3,1,587,1,1,3,3,5,3,2,9824,3,1,2,12,3,1,80,0,12,2,3,1,0,0,0
46,0,2,2,2,4,4,1228,4,1,3,2,4,4,3,7379,2,1,2,11,3,3,80,1,12,3,2,6,3,1,4
40,0,2,2,4,1,2,253,4,2,3,5,6,3,2,19033,1,1,2,14,3,2,80,1,21,2,3,20,8,9,9
36,0,2,2,3,3,4,397,3,1,3,2,2,2,1,4485,4,1,2,12,3,4,80,0,10,2,3,8,0,7,7
50,0,2,2,29,4,1,569,2,1,2,4,6,3,2,17046,0,1,2,15,3,2,80,1,28,2,3,27,10,15,7
30,0,1,2,7,3,4,1482,3,1,3,1,2,3,3,1274,1,1,2,13,3,2,80,2,1,2,2,1,0,0,0
34,0,2,2,5,2,2,1696,2,1,2,2,3,4,2,3986,1,1,2,14,3,3,80,1,15,3,4,15,10,4,13
54,0,2,2,10,3,2,1980,3,2,3,2,4,1,1,4440,6,1,1,19,3,4,80,0,9,3,3,5,2,1,4
57,0,2,1,29,3,3,568,1,1,2,4,6,4,3,14118,3,1,2,12,3,3,80,1,32,3,2,1,0,0,0
33,0,1,1,16,3,1,1681,3,2,3,2,1,4,3,5368,1,1,1,25,4,3,80,1,7,2,3,6,5,1,2
51,0,3,2,6,2,2,1297,2,2,2,1,3,3,1,2838,0,1,2,14,3,2,80,0,8,6,2,7,0,7,7
41,0,2,2,14,3,1,227,1,1,3,1,2,3,3,2451,4,1,2,12,3,1,80,1,13,2,3,9,8,1,8
21,1,2,2,10,3,1,1079,3,2,2,1,3,1,1,1416,1,1,2,13,3,1,80,0,1,6,2,1,0,1,0
50,0,2,2,17,5,1,1656,4,2,2,3,8,1,3,13269,5,1,2,15,3,3,80,3,19,3,3,14,11,1,11
21,1,3,1,1,1,4,478,1,2,2,1,7,2,1,2174,1,1,1,11,3,3,80,0,3,3,3,3,2,1,2
33,0,2,2,15,2,2,2009,2,2,3,2,5,4,2,4878,0,1,1,13,3,1,80,1,10,6,3,9,7,8,1
38,0,2,1,3,4,1,1036,2,1,3,2,1,4,1,6861,8,1,1,12,3,3,80,0,19,1,3,1,0,0,0
45,0,2,2,20,2,2,372,3,1,3,4,5,4,2,13496,0,1,1,14,3,2,80,0,21,2,3,20,7,4,10
47,0,2,2,25,3,2,1993,1,1,3,3,5,3,1,8633,2,1,2,23,4,2,80,0,25,3,3,17,14,12,11
45,0,1,2,2,2,2,264,1,1,2,4,6,4,2,16792,9,1,2,23,4,4,80,1,22,1,3,20,8,11,8
40,0,2,2,1,4,1,2012,1,1,3,1,3,4,2,2406,8,1,2,19,3,3,80,2,8,3,2,1,0,0,0
41,0,2,1,23,2,1,1678,4,1,3,3,1,3,1,7082,3,1,1,16,3,4,80,0,21,2,3,2,0,0,2
53,0,3,1,2,3,3,1050,3,2,2,3,1,2,2,7525,2,1,2,12,3,1,80,1,30,2,3,15,7,6,12
50,0,2,2,2,3,2,815,3,1,3,4,8,3,2,17639,5,1,2,16,3,4,80,0,30,3,3,4,3,0,3
39,0,2,3,2,3,1,909,4,2,2,2,3,4,2,5204,8,1,2,11,3,3,80,2,13,2,3,5,4,0,4
30,0,2,2,16,1,1,1729,2,1,3,1,2,4,2,2862,1,1,2,12,3,2,80,1,10,2,2,10,0,0,8
28,0,2,2,29,1,1,1514,3,1,1,2,4,2,2,6549,1,1,2,14,3,2,80,2,8,2,2,8,6,1,7
40,0,2,2,10,4,1,483,4,2,4,1,3,3,2,2213,3,1,1,13,3,3,80,1,10,3,3,7,7,1,7
30,0,2,1,7,1,3,585,4,1,3,1,7,2,1,2983,0,1,2,14,3,1,80,0,4,3,3,3,2,1,2
35,0,1,2,2,4,1,771,4,2,3,2,5,1,3,5093,2,1,2,11,3,1,80,1,16,2,4,1,0,0,0
44,0,2,2,20,3,1,1475,4,1,3,1,2,2,1,3420,1,1,2,13,3,3,80,0,6,3,2,5,2,1,3
35,0,3,1,18,5,1,74,2,1,3,3,1,1,2,9069,1,1,2,22,4,4,80,1,9,3,2,9,8,1,8
25,0,2,1,3,1,6,879,3,1,3,2,1,1,2,4194,1,1,1,18,3,4,80,0,5,3,3,5,3,0,3
37,0,2,2,1,3,1,1196,4,2,2,2,4,4,2,6474,1,1,2,13,3,2,80,1,14,2,2,14,8,3,11
52,0,2,2,1,2,1,976,4,1,3,4,6,4,2,17099,2,1,2,15,3,2,80,1,26,2,2,9,8,7,8
34,0,2,2,20,3,4,1265,3,2,4,1,2,3,2,2585,0,1,2,17,3,4,80,0,2,5,2,1,0,0,0
38,0,2,2,1,3,1,743,3,2,3,3,4,3,1,7861,4,1,1,14,3,4,80,0,10,4,4,1,0,0,0
22,0,2,2,8,1,1,1019,2,1,1,1,3,1,2,2451,1,1,2,15,3,1,80,1,4,3,2,4,3,1,1
40,0,2,2,14,3,2,1128,3,1,2,5,8,3,1,19626,1,1,2,14,3,1,80,0,21,2,4,20,7,4,9
36,0,1,1,10,4,2,592,2,1,3,3,1,4,1,9980,1,1,2,14,3,4,80,0,10,3,2,10,3,9,7
39,0,2,2,13,4,2,1307,3,2,2,4,6,2,3,17123,6,1,1,13,3,4,80,2,21,4,3,19,9,15,2
26,0,3,2,1,1,2,1068,1,2,2,1,2,3,3,2007,1,1,2,13,3,3,80,2,5,5,3,5,3,1,3
25,0,2,1,8,2,6,2018,1,2,3,2,1,3,3,4907,0,1,1,22,4,2,80,1,6,3,2,5,3,0,4
36,0,1,1,8,4,4,990,1,1,3,2,1,4,3,5079,4,1,2,13,3,4,80,2,12,3,3,7,7,0,7
38,0,2,1,7,4,3,709,4,2,2,2,1,4,1,4028,0,1,2,20,4,1,80,0,8,2,3,7,7,0,5
44,0,3,1,1,5,3,1481,1,2,3,2,1,3,2,4768,7,1,2,12,3,3,80,1,11,4,2,1,0,0,0
31,0,3,2,1,1,1,1011,3,2,3,2,4,1,2,4148,1,1,2,12,3,3,80,1,4,1,3,4,3,0,3
31,1,2,1,13,4,2,650,2,1,3,2,1,1,3,4233,2,1,2,17,3,3,80,0,9,2,1,3,1,1,2
27,0,3,1,3,1,2,714,4,2,4,2,1,4,3,4647,1,1,1,20,4,2,80,2,6,3,3,6,5,0,4
56,0,2,2,7,3,1,112,4,1,1,3,4,4,1,7260,4,1,2,11,3,1,80,0,37,3,2,6,4,0,2
55,0,3,2,18,4,2,1034,3,1,3,2,5,2,2,6385,3,1,1,14,3,4,80,2,17,3,3,8,7,6,7
39,0,1,2,25,2,1,1397,3,1,3,3,5,3,2,10920,3,1,2,21,4,2,80,1,13,2,3,6,4,0,5
37,0,2,2,4,1,1,1394,3,1,3,1,2,3,2,2996,7,1,1,15,3,4,80,0,8,2,3,6,4,1,3
36,0,2,2,9,2,2,699,2,1,2,2,4,2,3,8847,2,1,1,11,3,3,80,1,13,2,3,3,2,0,2
37,0,2,2,11,3,2,1411,1,2,3,1,3,3,1,3629,4,1,2,18,3,1,80,0,8,6,3,3,2,0,2
34,0,2,1,1,3,4,1535,4,1,2,3,1,3,2,7083,1,1,1,14,3,4,80,0,10,3,3,10,9,8,6
40,0,2,2,6,3,1,601,2,2,3,4,4,3,1,13237,7,1,2,15,3,3,80,0,22,3,3,20,6,5,13
38,0,3,3,10,4,3,1563,3,1,3,2,3,3,2,6077,3,1,2,11,3,3,80,0,10,2,3,6,3,1,2
34,0,2,2,3,3,1,1658,4,2,3,2,2,2,3,5433,1,1,2,12,3,3,80,1,11,2,3,11,8,7,9
59,0,3,1,1,1,1,91,1,2,2,2,1,3,1,5473,7,1,2,11,3,4,80,0,20,2,2,4,3,1,3
35,0,3,2,4,4,6,1185,4,1,2,1,3,4,2,2376,1,1,2,13,3,2,80,1,2,2,4,2,2,2,2
39,1,2,1,3,2,2,445,4,2,3,2,1,3,2,5238,4,1,1,18,3,1,80,0,12,3,2,1,0,0,0
28,0,2,2,16,2,2,412,2,1,4,2,5,1,1,5661,0,1,2,19,3,3,80,0,9,2,3,8,3,0,7
25,0,2,1,13,1,2,645,2,1,3,1,7,3,2,2096,1,1,2,11,3,3,80,0,7,1,3,7,4,0,6
29,0,2,2,9,4,2,1709,4,2,3,1,3,3,2,2974,9,1,2,17,3,3,80,1,9,2,3,5,3,1,2
45,0,1,2,23,2,1,1002,4,1,3,2,3,1,2,3633,1,1,1,15,3,3,80,1,9,2,3,9,8,0,8
37,0,2,2,10,2,1,715,4,1,4,1,2,4,1,4680,3,1,2,17,3,1,80,0,4,2,3,1,0,0,0
45,0,2,2,28,3,4,1546,4,1,3,1,2,4,2,2132,4,1,2,20,4,4,80,1,8,3,3,5,4,0,3
33,0,1,1,2,3,3,1756,4,2,3,2,1,2,1,5147,8,1,2,15,3,4,80,0,13,2,2,11,7,1,7
34,0,2,2,1,5,1,683,2,1,3,1,2,4,2,2691,1,1,2,12,3,4,80,1,10,4,2,10,9,8,8
56,0,3,2,9,3,2,1071,1,2,3,1,2,3,2,2942,2,1,2,19,3,2,80,1,18,4,3,5,4,0,3
30,1,3,2,5,3,2,1017,2,2,3,1,3,2,1,2422,0,1,2,17,3,1,80,0,4,3,3,3,2,1,2
41,0,2,2,7,2,2,1025,4,2,3,2,4,3,1,5003,6,1,2,14,3,2,80,0,8,6,3,2,2,2,1
49,0,2,2,6,1,1,1661,3,2,2,4,5,3,2,13966,2,1,1,19,3,2,80,1,30,3,3,15,11,2,12
19,0,2,2,3,1,2,201,2,2,3,1,3,2,1,1483,1,1,2,14,3,4,80,0,1,3,3,1,0,0,0
45,0,2,1,11,2,1,1045,4,2,3,4,6,4,2,17650,3,1,2,13,3,2,80,1,26,4,4,9,3,1,1
44,0,1,2,17,3,1,1206,4,1,1,1,2,3,1,2290,2,1,2,13,3,4,80,0,6,3,3,0,0,0,0
29,0,2,1,10,3,3,766,4,1,3,1,7,2,3,2297,1,1,2,14,3,4,80,2,2,2,3,2,2,2,2
35,0,3,1,11,2,3,1137,4,1,3,2,1,4,3,4968,1,1,2,11,3,4,80,1,5,3,3,5,2,0,2
53,0,2,2,6,3,1,769,4,1,3,2,3,4,1,2450,2,1,2,17,3,4,80,0,19,4,3,2,2,2,2
21,1,3,2,10,2,1,1279,1,2,2,1,3,3,1,2625,1,1,2,20,4,3,80,0,2,2,1,2,2,2,2
26,0,3,2,6,3,6,1918,3,1,4,1,3,4,2,2544,0,1,2,18,3,1,80,1,8,3,3,7,7,7,7
46,0,1,2,7,4,2,487,3,2,3,2,4,3,2,5258,2,1,2,14,3,3,80,0,7,2,4,1,0,0,0
47,0,2,2,2,2,6,820,3,2,3,4,6,4,2,16752,1,1,1,11,3,3,80,1,26,3,2,26,14,3,0
45,0,1,1,6,3,2,302,4,2,2,3,1,4,1,8865,6,1,2,12,3,4,80,0,23,2,3,19,7,12,8
42,0,2,2,2,3,1,2031,1,1,3,5,6,3,2,18880,5,1,2,11,3,1,80,0,24,2,2,22,6,4,14
24,0,2,2,24,3,2,1173,4,1,3,1,3,2,1,3597,8,1,2,22,4,4,80,0,6,2,3,4,3,1,2
51,0,2,2,2,3,2,408,4,1,1,2,4,2,3,5482,5,1,2,18,3,4,80,1,13,3,3,4,1,1,2
40,0,3,1,2,4,2,1212,2,1,3,2,1,2,2,4327,5,1,2,12,3,4,80,3,5,2,3,0,0,0,0
39,0,1,1,21,4,1,1929,1,2,1,2,1,3,2,5736,6,1,2,19,3,3,80,1,10,1,3,3,2,1,2
35,0,2,2,27,1,2,856,3,2,2,1,2,1,1,2559,1,1,2,11,3,4,80,0,6,3,2,6,5,1,1
45,0,2,2,9,3,1,206,2,1,3,2,3,2,3,2348,8,1,2,18,3,3,80,1,20,2,1,17,9,0,15
36,0,3,1,7,3,3,1362,1,2,4,2,1,1,2,4639,2,1,2,16,3,4,80,1,17,2,2,15,7,6,13
27,0,1,1,1,1,3,449,3,1,3,2,1,2,2,6349,0,1,1,13,3,4,80,1,6,0,3,5,4,1,4
30,1,3,1,12,4,1,648,2,1,2,1,7,1,2,2033,1,1,2,18,3,3,80,1,1,2,4,1,0,0,0
33,0,3,1,7,3,1,1114,4,2,3,2,1,2,2,4302,0,1,2,17,3,3,80,1,4,3,3,3,2,0,2
39,0,2,2,2,4,4,721,4,2,2,2,5,3,1,4553,1,1,2,11,3,1,80,0,20,4,3,20,7,11,10
30,0,2,2,8,2,1,1015,2,2,4,3,8,1,2,11416,0,1,1,12,3,3,80,3,9,4,2,8,7,1,7
44,0,2,2,2,3,1,1703,3,2,4,3,5,4,2,7879,1,1,1,19,3,2,80,1,9,2,3,8,7,6,7
27,0,3,1,8,3,1,56,4,1,3,3,1,3,1,8726,1,1,2,15,3,4,80,0,9,0,3,9,8,1,7
35,0,2,2,10,3,6,1028,2,1,3,1,3,4,3,3917,1,1,2,20,4,1,80,1,3,4,2,3,2,1,2
26,1,2,2,16,4,2,394,1,1,3,1,3,2,3,2373,2,1,1,13,3,4,80,1,5,2,3,3,2,0,2
52,1,2,1,2,1,3,1038,1,2,1,5,6,4,2,19845,1,1,2,15,3,4,80,1,33,3,3,32,14,6,9
33,0,2,2,4,4,2,1502,1,2,2,1,3,2,2,3838,8,1,2,11,3,4,80,0,8,5,3,5,4,0,2
43,1,2,1,9,3,3,1188,1,2,1,2,1,3,1,5346,8,1,2,13,3,2,80,0,7,2,2,4,3,1,3
48,0,3,2,4,5,2,1644,3,1,2,4,6,4,2,15202,2,1,2,25,4,2,80,1,23,3,3,2,2,2,2
44,0,2,1,5,3,3,1267,2,1,3,5,6,2,2,18213,7,1,2,11,3,3,80,1,26,5,3,22,9,3,10
42,0,1,2,10,4,4,1854,3,1,3,1,2,3,2,2936,3,1,2,22,4,2,80,2,10,1,2,6,3,3,3
34,0,1,1,4,4,3,523,3,2,3,2,1,3,2,6538,9,1,2,15,3,1,80,1,6,3,3,3,2,1,2
31,1,3,1,1,3,1,1331,4,2,3,1,7,2,1,2302,1,1,1,11,3,1,80,0,3,2,4,3,2,2,2
44,0,2,2,8,4,1,874,1,1,4,1,3,4,2,2818,2,1,1,24,4,3,80,1,10,2,2,3,2,0,2
33,0,1,1,17,3,1,992,4,1,3,4,6,3,1,17444,1,1,2,11,3,4,80,0,10,2,3,10,8,6,0
27,1,2,2,17,4,1,1405,4,2,3,1,2,3,1,2394,1,1,1,13,3,4,80,0,8,2,3,8,2,7,7
34,0,2,2,9,3,1,1344,4,1,3,3,5,4,3,8500,0,1,2,11,3,4,80,1,10,0,2,9,7,1,6
29,0,3,2,2,1,1,1513,4,2,3,1,3,2,2,3180,0,1,2,13,3,3,80,3,4,3,3,3,2,0,2
40,1,1,1,24,3,1,986,2,2,4,4,1,2,1,13194,4,1,1,16,3,4,80,0,22,2,2,1,0,0,0
36,0,2,2,5,4,1,1651,2,2,3,3,5,1,2,8008,4,1,2,12,3,3,80,2,9,6,3,3,2,0,2
35,0,2,1,2,3,3,49,4,2,3,1,7,4,2,2014,1,1,2,13,3,1,80,0,2,3,3,2,2,2,2
25,1,2,2,4,1,4,1106,4,1,3,1,3,4,2,3691,1,1,1,15,3,2,80,1,7,3,4,7,7,5,6
21,1,2,2,18,1,6,923,4,2,3,1,2,4,1,2693,1,1,2,19,3,1,80,0,1,3,2,1,0,0,0
29,1,3,1,24,3,4,1928,3,1,4,1,7,1,1,1091,1,1,2,17,3,4,80,0,1,3,3,1,0,0,0
38,0,2,2,1,3,4,950,4,2,3,3,8,1,2,13582,1,1,2,13,3,2,80,1,15,3,3,15,12,5,11
39,0,3,2,2,4,4,343,3,2,3,3,5,3,1,10938,0,1,2,25,4,4,80,0,20,1,3,19,6,11,8
43,0,2,2,15,2,1,1666,3,1,2,4,8,3,2,17603,1,1,2,24,4,1,80,1,14,3,3,14,10,6,11
25,0,2,2,2,1,6,1992,4,1,3,1,3,3,3,3977,6,1,1,19,3,3,80,1,7,2,2,2,2,0,2
58,0,2,1,10,4,2,131,4,1,3,4,1,3,1,13872,0,1,2,13,3,3,80,0,38,1,2,37,10,1,8
42,0,2,1,14,2,2,936,3,2,2,2,1,3,1,6244,7,1,2,17,3,1,80,0,10,6,3,5,4,0,3
30,0,2,2,2,1,2,198,2,1,2,1,3,4,1,2720,0,1,2,13,3,4,80,0,6,3,3,5,3,1,2
35,0,2,2,9,4,2,2008,2,1,3,2,2,3,1,5098,1,1,2,19,3,2,80,0,10,5,3,10,7,0,8
28,1,2,2,24,3,2,1604,3,1,3,1,3,2,2,2408,1,1,1,17,3,3,80,3,1,3,3,1,1,0,0
27,0,2,1,10,3,3,1403,4,2,2,2,1,4,2,5769,1,1,1,11,3,4,80,0,6,3,3,6,2,4,4
27,0,3,2,10,2,1,733,4,1,3,3,4,1,3,8793,1,1,2,21,4,3,80,2,9,4,2,9,7,1,7
41,0,2,1,4,1,3,1815,3,2,3,3,1,3,3,10447,0,1,1,13,3,4,80,1,23,3,4,22,14,13,5
53,1,2,2,2,5,4,1572,3,2,2,3,4,4,2,10169,0,1,2,16,3,2,80,1,34,4,3,33,7,1,9
35,0,2,2,25,2,6,652,1,1,2,2,3,4,1,3681,4,1,2,14,3,4,80,0,9,3,3,3,2,0,2
26,0,1,2,7,3,2,1693,4,1,3,1,3,4,1,2570,1,1,2,20,4,3,80,0,7,5,3,7,7,5,7
31,0,3,2,24,1,4,1736,4,2,3,2,4,4,1,5238,2,1,2,20,4,4,80,0,9,3,2,5,4,1,4
37,1,2,2,11,2,2,1033,1,2,1,2,5,2,2,4777,5,1,2,15,3,1,80,0,15,2,1,1,0,0,0
48,0,3,2,22,3,2,1900,4,2,3,4,6,4,3,17174,3,1,2,11,3,2,80,1,24,3,3,22,17,4,7
50,0,3,1,12,3,3,174,3,2,3,3,1,4,1,9208,4,1,2,11,3,4,80,0,16,3,3,2,2,2,1
38,0,3,2,8,3,2,1937,4,2,2,2,2,2,3,2133,1,1,1,16,3,3,80,1,20,3,3,20,11,0,7
30,1,2,2,22,3,1,1004,1,2,3,1,2,3,2,2132,4,1,1,11,3,2,80,0,7,2,3,5,2,0,1
45,0,2,2,1,4,2,996,4,2,3,1,3,4,3,2270,3,1,2,14,3,4,80,2,8,2,3,5,3,0,2
43,0,1,2,9,3,1,1813,1,1,3,1,2,3,1,2438,4,1,2,13,3,3,80,0,7,2,2,3,2,1,2
29,0,3,2,10,3,1,1143,4,2,3,1,2,2,3,3291,0,1,2,14,3,4,80,2,8,2,2,7,5,1,1
53,0,2,1,2,2,2,981,3,1,3,4,6,3,3,14852,6,1,2,13,3,3,80,1,22,3,4,17,13,15,2
49,0,2,2,3,2,2,1509,3,2,2,2,3,1,2,4789,4,1,2,25,4,1,80,1,10,3,3,3,2,1,2
47,0,2,2,4,3,1,1827,3,2,2,3,4,2,3,10333,8,1,1,12,3,3,80,1,28,4,3,22,11,14,10
24,0,2,2,9,3,2,1707,3,1,4,1,2,3,2,4401,1,1,2,16,3,4,80,1,5,1,3,5,3,0,4
41,0,2,2,9,4,1,200,3,1,3,1,3,1,2,2238,2,1,2,21,4,4,80,1,7,2,3,5,0,1,4
47,0,3,1,4,1,2,467,2,1,3,2,7,3,1,2976,3,1,2,19,3,1,80,0,5,3,3,0,0,0,0
32,0,2,1,4,2,1,330,3,2,3,1,7,2,2,3931,2,1,2,11,3,1,80,1,6,5,3,4,3,1,2
26,0,2,2,1,3,2,1952,3,1,3,1,3,1,1,2867,0,1,2,13,3,4,80,0,8,6,2,7,7,7,6
35,0,2,1,1,4,3,100,3,1,2,2,1,1,1,4312,0,1,2,14,3,2,80,0,16,2,3,15,13,2,8
30,0,2,2,18,3,1,194,1,2,3,1,2,3,1,2632,1,1,2,14,3,3,80,0,5,4,2,5,4,0,4
30,0,2,1,29,4,4,1568,3,1,3,3,1,2,2,9250,3,1,2,12,3,2,80,1,9,3,3,4,2,1,3
36,0,2,2,7,4,6,949,2,1,3,1,2,4,1,4678,2,1,2,18,3,3,80,0,8,6,3,6,2,0,1
30,0,2,1,5,3,3,456,4,2,2,2,1,3,3,6118,1,1,2,13,3,3,80,3,10,2,3,10,9,1,2
34,0,2,1,3,3,6,1478,4,1,1,2,1,1,1,4759,3,1,2,18,3,4,80,0,15,2,3,13,9,3,12
49,0,2,1,8,4,4,1138,4,1,2,4,1,2,2,13120,6,1,2,17,3,2,80,1,22,3,3,9,8,2,3
39,0,2,2,19,4,6,1871,4,1,3,2,2,4,3,3902,8,1,2,14,3,2,80,3,7,2,3,2,2,2,2
43,0,2,2,6,3,2,1866,1,2,2,5,6,3,2,19392,7,1,2,13,3,4,80,0,21,2,3,16,12,6,14
48,0,2,1,29,1,2,473,1,2,3,3,6,3,2,12504,3,1,2,21,4,2,80,1,15,3,1,0,0,0,0
41,0,1,1,10,2,1,599,4,1,3,2,1,4,1,6230,7,1,2,14,3,4,80,0,16,3,3,14,3,1,10
29,1,2,2,1,4,2,2027,1,1,3,1,2,4,2,4787,9,1,1,14,3,2,80,3,4,3,4,2,2,2,2
25,0,2,2,1,3,2,1303,4,2,3,1,2,2,1,2096,1,1,2,18,3,4,80,0,2,3,2,2,2,2,1
22,0,1,2,26,2,6,1605,2,2,2,1,2,3,2,2814,1,1,1,14,3,2,80,0,4,2,2,4,2,1,3
31,1,2,3,18,5,3,1842,4,1,4,1,3,1,2,2956,0,1,2,17,3,3,80,0,2,4,3,1,0,0,0
49,0,3,2,10,4,1,396,3,2,3,5,8,1,1,18665,9,1,1,11,3,4,80,0,22,4,3,3,2,1,2
47,0,1,2,1,1,2,2000,3,2,3,3,8,2,2,11957,0,1,2,18,3,1,80,2,14,3,1,13,8,5,12
34,0,1,1,23,4,3,60,2,1,3,2,1,3,1,4568,0,1,2,20,4,3,80,0,10,2,3,9,5,8,7
45,0,3,2,1,4,2,1922,2,1,3,2,5,3,1,5399,4,1,2,12,3,3,80,0,12,3,3,4,2,0,3
40,0,2,2,16,3,1,1641,3,2,3,3,4,4,1,7945,6,1,1,15,3,4,80,0,18,2,2,4,2,3,3
50,0,2,2,28,3,1,1317,4,2,3,4,8,1,2,16880,4,1,1,11,3,2,80,0,25,2,3,3,2,1,2
49,0,2,2,25,4,1,1617,3,2,3,1,3,1,2,3211,1,1,2,14,3,4,80,1,10,3,2,9,6,1,4
50,0,2,2,4,1,1,385,1,1,3,5,8,2,3,19144,3,1,2,14,3,1,80,2,28,4,2,10,4,1,6
25,0,2,2,1,3,1,350,1,2,3,2,4,3,2,4898,0,1,2,12,3,4,80,2,5,3,3,4,2,1,2
43,0,2,1,4,4,3,1293,4,2,2,3,1,4,1,10231,3,1,2,14,3,4,80,0,23,3,4,21,7,15,17
45,0,2,2,2,3,1,834,2,2,2,1,2,3,1,2274,1,1,2,14,3,4,80,0,1,3,3,1,0,0,0
34,0,2,1,2,3,3,1281,3,2,3,2,1,1,1,4538,0,1,1,12,3,4,80,0,4,3,3,3,2,0,2
30,1,3,1,26,4,3,299,3,2,2,2,1,1,1,6696,5,1,2,15,3,3,80,0,9,5,2,6,3,0,1
33,1,2,1,5,3,3,485,4,2,3,1,7,3,1,2851,1,1,1,13,3,2,80,0,1,2,3,1,0,0,0
34,0,2,3,3,2,3,847,3,1,3,1,3,4,2,3737,0,1,2,19,3,3,80,1,4,1,1,3,2,0,2
39,0,2,2,10,5,2,1618,2,1,3,2,4,1,2,5377,2,1,2,13,3,4,80,3,10,3,3,7,7,7,7
29,1,2,2,8,4,6,454,2,1,1,1,3,1,2,2119,1,1,1,11,3,4,80,0,7,4,2,7,7,0,7
35,0,2,2,6,4,1,691,2,1,1,2,2,4,1,6646,1,1,2,13,3,2,80,0,17,3,3,17,11,11,8
34,1,3,3,23,3,3,590,2,2,3,3,3,1,3,9950,9,1,1,15,3,3,80,3,11,2,3,3,2,0,2
30,0,2,2,5,3,4,197,4,2,3,1,2,1,3,3204,5,1,2,14,3,4,80,1,8,3,3,3,2,2,2
29,1,2,2,1,3,4,300,3,1,3,1,2,3,1,2058,0,1,2,14,3,4,80,0,7,1,2,6,2,1,5
45,0,2,1,2,3,6,606,4,1,3,2,1,2,2,4805,0,1,2,19,3,2,80,1,9,3,4,8,7,3,7
32,1,2,2,25,4,1,911,1,1,3,1,3,4,1,2795,1,1,1,24,4,3,80,0,1,2,1,1,0,0,1
28,0,2,2,9,3,2,377,4,1,3,1,2,4,2,2070,1,1,2,23,4,4,80,1,5,3,2,5,2,0,4
42,0,3,2,5,2,6,591,2,1,3,1,3,3,2,2093,4,1,2,17,3,4,80,1,8,4,3,2,2,2,0
58,1,2,2,2,4,1,825,4,1,3,5,8,2,1,19246,7,1,1,12,3,4,80,0,40,2,3,31,15,13,8
32,1,2,1,2,4,3,1862,3,1,2,2,1,2,1,9907,7,1,1,12,3,3,80,0,7,3,2,2,2,2,2
33,1,2,2,15,1,2,582,2,1,3,3,6,3,2,13610,7,1,1,12,3,4,80,0,15,2,4,7,6,7,7
46,0,2,1,3,3,4,1863,1,2,4,4,1,1,3,13225,2,1,2,12,3,4,80,1,25,5,3,19,17,2,8
39,0,3,1,20,3,1,1812,3,1,3,2,1,4,3,4127,2,1,2,18,3,4,80,1,7,6,3,2,1,2,2
49,0,2,2,7,4,1,1484,3,1,3,3,5,2,3,10466,3,1,2,14,3,2,80,2,29,3,3,8,7,0,7
58,0,2,1,21,3,1,1938,4,2,3,4,6,4,2,17875,4,1,1,13,3,3,80,1,29,2,2,1,0,0,0
42,0,3,2,2,1,2,875,2,1,3,1,2,4,1,2515,5,1,1,14,3,4,80,0,8,2,3,2,1,2,2
38,1,2,2,29,1,2,282,2,1,3,2,5,1,2,6673,7,1,1,19,3,2,80,0,17,2,3,1,0,0,0
40,1,2,1,22,2,3,492,3,1,2,2,1,3,2,6380,2,1,1,12,3,1,80,2,8,6,3,6,4,1,0
28,0,3,1,1,2,1,1927,3,1,2,2,1,4,2,6834,1,1,1,12,3,3,80,1,7,2,3,7,7,0,7
36,0,2,2,2,4,6,1847,4,2,3,2,2,2,2,6962,4,1,1,22,4,4,80,1,15,2,3,1,0,0,0
35,0,1,2,2,2,2,1804,2,1,3,2,4,4,3,5762,2,1,2,14,3,3,80,1,15,6,3,7,7,1,7
31,0,2,1,8,2,1,1453,1,1,3,3,1,4,3,10793,1,1,2,18,3,1,80,1,13,5,3,13,7,9,9
40,0,2,1,14,2,1,1598,4,2,3,2,1,1,2,4639,1,1,2,15,3,3,80,1,5,2,3,5,4,1,2
32,0,3,1,10,4,3,1853,4,1,3,2,1,4,1,4648,8,1,2,13,3,3,80,0,4,2,4,0,0,0,0
38,0,2,1,2,2,1,1355,2,2,3,2,1,1,3,6893,3,1,2,15,3,4,80,1,11,3,3,7,7,1,7
53,0,2,2,7,3,1,730,3,1,4,4,8,3,2,14814,3,1,2,19,3,3,80,0,32,3,3,5,1,1,3
43,0,2,2,8,4,6,526,3,2,3,2,5,3,3,4522,4,1,1,14,3,4,80,0,8,3,3,5,2,0,2
31,0,2,2,24,3,2,1252,3,2,2,2,5,1,1,6812,1,1,2,19,3,2,80,0,10,2,3,10,9,1,8
36,0,3,2,18,4,1,407,3,1,4,1,3,4,2,3688,4,1,2,18,3,4,80,2,4,2,3,1,0,0,0
44,0,2,2,29,4,6,1225,4,1,3,2,2,4,1,4541,1,1,2,25,4,2,80,0,20,3,3,20,11,13,17
45,0,2,2,29,3,4,1465,2,1,3,3,4,4,2,9380,4,1,1,18,3,4,80,2,10,4,4,3,1,1,2
46,0,2,2,18,3,2,550,3,2,3,2,4,3,3,4810,2,1,2,14,3,3,80,1,19,5,2,10,7,0,8
31,0,3,1,5,3,3,399,4,2,3,1,7,2,3,2789,1,1,2,11,3,3,80,1,2,5,2,2,2,2,2
27,0,2,2,5,3,1,434,3,2,3,1,2,2,1,2478,1,1,1,12,3,2,80,0,4,2,2,4,3,1,2
38,0,2,2,10,3,2,634,3,2,3,2,5,3,2,9824,3,1,2,19,3,3,80,1,18,4,3,1,0,0,0
38,0,2,2,2,2,2,1638,4,2,2,3,4,3,2,7756,3,1,1,19,3,4,80,1,10,6,4,5,4,0,2
31,0,2,1,5,3,4,1749,1,1,3,2,1,3,2,8346,1,1,2,19,3,3,80,1,6,3,3,5,2,0,2
33,0,3,2,1,4,6,998,3,2,4,2,5,2,2,5488,1,1,1,13,3,1,80,1,6,2,3,6,5,1,2
44,1,3,2,1,2,2,1792,3,1,3,1,2,2,3,2342,1,1,1,12,3,3,80,3,6,2,2,5,3,2,3
33,1,2,1,16,3,1,1758,1,2,3,3,1,1,1,8564,2,1,1,20,4,3,80,0,11,2,2,0,0,0,0
35,0,2,2,16,3,1,1529,4,2,2,3,5,2,1,8606,1,1,2,19,3,4,80,0,11,3,1,11,8,3,3
25,1,2,1,19,2,3,952,3,1,2,1,7,2,2,2413,1,1,1,18,3,3,80,3,1,2,3,1,0,0,0
32,0,2,2,2,3,2,1671,4,1,3,2,2,2,3,5470,0,1,2,13,3,3,80,2,10,4,2,9,5,1,6
28,0,1,2,16,3,2,1947,3,1,3,1,2,3,1,2144,1,1,2,14,3,3,80,0,5,3,2,5,3,1,4
32,0,2,2,6,5,1,231,3,1,3,1,2,3,1,3038,3,1,2,20,4,1,80,0,8,2,3,5,4,1,4
42,0,2,2,9,2,6,1595,4,1,2,5,6,4,1,19613,8,1,2,22,4,4,80,0,24,2,3,1,0,0,1
36,1,2,2,15,3,6,1052,1,1,3,2,3,3,3,4834,7,1,2,14,3,2,80,1,9,3,2,1,0,0,0
43,0,3,2,1,3,1,902,4,2,3,2,5,4,2,5562,4,1,2,13,3,2,80,1,12,2,2,5,2,2,2
40,0,2,1,10,3,4,1239,2,2,2,2,1,2,3,6852,7,1,2,12,3,2,80,1,7,2,4,5,1,1,3
36,0,2,1,10,4,4,1880,2,2,2,2,1,3,2,5673,1,1,1,13,3,1,80,1,10,4,3,10,9,1,7
24,0,3,1,24,3,2,632,4,1,3,1,7,4,2,2400,0,1,2,13,3,3,80,2,3,3,3,2,2,2,1
56,0,1,2,1,4,1,2026,3,1,3,2,5,3,3,6306,1,1,2,21,4,1,80,1,13,2,2,13,12,1,9
37,0,3,1,21,2,2,900,3,2,3,1,7,4,2,2973,5,1,2,15,3,2,80,1,10,3,3,5,4,0,0
41,1,2,1,1,2,1,1,2,2,3,2,1,4,1,5993,8,1,1,11,3,1,80,0,8,0,1,6,4,0,5
59,0,2,2,2,3,1,1032,3,2,2,4,4,4,1,13726,3,1,1,13,3,1,80,0,30,4,3,5,3,4,3
31,0,3,1,7,4,3,1833,1,2,3,3,1,1,2,9637,2,1,2,14,3,4,80,2,9,3,3,3,2,2,2
35,1,2,1,27,3,1,1797,3,1,3,2,1,4,1,5813,1,1,1,18,3,4,80,0,10,2,3,10,7,7,7
26,0,2,2,3,4,2,1177,1,1,4,1,3,4,2,4420,1,1,2,22,4,2,80,1,8,2,3,8,7,0,7
34,0,3,2,10,4,2,277,4,1,3,1,2,3,3,3815,1,1,1,17,3,4,80,1,5,4,4,5,3,2,0
19,0,2,2,9,2,1,1193,3,1,3,1,2,1,1,2552,1,1,2,25,4,3,80,0,1,4,3,1,1,0,0
30,0,2,1,5,3,1,228,2,2,3,3,1,4,2,9419,2,1,2,12,3,3,80,1,12,2,3,10,9,7,4
40,0,1,2,16,2,1,1340,3,1,3,1,2,3,3,3544,9,1,2,16,3,2,80,1,6,0,3,4,2,0,0
37,0,2,2,7,4,2,102,1,1,3,3,8,3,1,13664,4,1,2,13,3,1,80,0,16,3,4,5,2,0,2
42,0,3,2,29,2,1,547,1,2,3,2,2,3,3,4556,2,1,2,11,3,2,80,1,19,3,3,5,4,0,2
29,1,2,2,1,4,4,1522,1,1,2,1,2,1,1,2362,6,1,2,13,3,3,80,0,11,2,1,9,7,0,7
47,0,2,1,4,2,1,1003,4,2,3,2,1,4,1,4163,1,1,1,17,3,3,80,0,9,0,3,9,0,0,7
45,0,2,1,4,2,1,240,3,2,3,2,1,1,3,5006,4,1,1,11,3,1,80,1,9,3,4,5,4,0,3
33,1,2,2,1,4,6,780,4,1,3,1,2,4,1,2686,1,1,1,13,3,3,80,0,10,2,2,10,9,7,8
28,0,2,1,26,3,1,1387,3,1,2,2,1,1,2,4724,1,1,2,11,3,3,80,1,5,0,3,5,3,0,4
38,0,2,2,1,1,1,662,3,2,3,1,2,1,1,2619,3,1,2,17,3,4,80,0,8,3,2,0,0,0,0
52,0,1,1,29,4,1,2019,1,1,3,1,7,4,3,3482,2,1,2,15,3,2,80,2,16,3,2,9,8,0,0
36,0,2,2,5,2,1,304,4,1,3,2,3,2,1,5914,8,1,2,16,3,4,80,0,16,3,4,13,11,3,7
40,0,2,2,20,4,4,1092,1,1,3,3,5,4,2,10322,4,1,2,20,4,4,80,1,14,6,3,11,10,11,1
55,1,2,1,2,1,2,842,3,1,3,2,1,4,1,5160,4,1,2,16,3,3,80,0,12,3,2,9,7,7,3
32,0,2,1,6,4,2,125,2,1,3,2,1,3,1,5010,1,1,2,16,3,1,80,0,12,0,3,11,8,5,7
28,0,2,2,1,3,1,1506,1,1,2,1,2,3,3,1563,1,1,2,14,3,4,80,1,1,2,1,1,0,0,0
31,1,2,2,22,4,2,1389,4,1,3,2,4,3,2,6179,1,1,1,15,3,4,80,2,10,3,2,10,2,6,7
37,1,2,2,10,4,2,1809,4,1,3,2,4,1,1,4213,1,1,2,15,3,2,80,0,10,4,1,10,3,0,8
55,0,2,2,2,3,1,505,3,2,3,4,6,4,1,16659,2,1,1,13,3,3,80,0,30,2,3,5,4,1,2
29,0,2,2,9,3,1,1558,3,1,4,1,2,3,2,2451,6,1,2,18,3,1,80,2,5,2,2,1,0,0,0
46,0,2,2,2,4,2,1789,3,1,3,5,8,4,3,19328,7,1,1,17,3,3,80,1,24,3,3,2,1,2,2
35,0,2,2,7,2,1,1601,3,1,2,1,3,4,2,2690,1,1,2,18,3,4,80,1,1,5,2,1,0,0,1
55,0,2,1,26,5,3,1578,3,1,2,5,6,4,2,19586,1,1,2,21,4,3,80,1,36,3,3,36,6,2,13
42,0,2,1,1,1,1,387,2,1,3,2,1,3,2,4907,1,1,2,25,4,3,80,0,20,3,3,20,16,11,6
31,0,2,1,7,3,4,416,2,1,4,2,1,4,2,6929,4,1,2,11,3,2,80,1,10,3,2,8,7,7,7
56,0,2,2,9,3,2,762,3,1,3,4,5,4,2,11103,7,1,2,11,3,3,80,0,30,1,2,10,7,1,1
29,1,2,2,1,2,1,816,2,2,2,1,3,1,2,2319,1,1,1,11,3,4,80,1,1,1,3,1,0,0,0
30,1,2,1,9,3,2,1876,2,1,3,1,7,4,1,1081,1,1,2,13,3,3,80,0,1,3,2,1,0,0,0
36,0,2,2,10,4,4,1312,4,2,3,3,5,3,2,7094,3,1,2,12,3,1,80,0,10,0,3,7,7,1,7
24,1,2,2,17,2,1,1219,4,2,3,1,3,2,2,2210,1,1,2,13,3,1,80,1,1,3,1,1,0,0,0
30,0,2,1,7,4,3,1428,4,2,3,2,1,1,3,4779,7,1,2,14,3,2,80,2,8,3,3,3,2,0,2
29,0,2,2,8,1,6,1544,3,2,1,2,5,1,2,9715,3,1,2,13,3,3,80,1,9,3,3,7,7,0,7
40,0,2,2,2,3,1,1346,3,1,3,2,2,4,1,4661,1,1,2,13,3,3,80,0,9,4,3,9,8,8,8
39,0,3,2,8,1,1,602,3,2,3,1,3,3,2,3755,1,1,2,11,3,1,80,1,8,3,3,8,3,0,7
41,1,2,2,12,3,4,58,2,2,3,5,8,3,2,19545,1,1,2,12,3,4,80,0,23,0,3,22,15,15,8
37,0,2,1,6,4,2,378,3,1,3,2,1,4,2,6502,4,1,2,14,3,2,80,1,7,5,4,5,4,0,1
45,0,2,2,2,2,6,1635,4,2,2,2,4,4,3,5770,1,1,2,19,3,1,80,2,10,3,3,10,7,3,9
36,1,2,1,9,4,1,27,3,1,2,1,7,1,1,3407,7,1,2,23,4,2,80,0,10,4,3,5,3,0,3
53,1,2,1,24,4,1,1968,1,1,3,3,1,1,1,10448,6,1,1,13,3,2,80,0,15,2,2,2,2,2,2
40,0,2,2,2,4,2,2051,3,2,3,1,2,3,2,2001,2,1,2,14,3,2,80,3,20,2,3,5,3,0,2
33,0,2,1,10,5,3,1268,4,1,4,3,1,3,3,8380,0,1,1,14,3,4,80,2,10,3,3,9,8,0,8
44,0,2,2,1,3,2,2020,2,1,3,1,2,4,1,2436,6,1,1,12,3,3,80,0,6,2,3,4,3,1,2
50,0,2,2,28,1,2,716,4,1,4,1,3,3,2,3221,1,1,1,11,3,3,80,3,20,3,3,20,8,3,8
29,0,2,3,17,3,6,1419,2,1,2,3,3,1,1,7988,1,1,2,13,3,1,80,0,10,3,2,10,9,0,9
33,1,2,1,16,3,3,819,1,2,3,2,1,1,1,5324,5,1,2,15,3,3,80,0,6,3,3,3,2,0,2
46,1,2,1,10,3,1,1869,3,2,3,3,1,2,2,7314,5,1,2,21,4,3,80,3,14,2,3,8,7,0,7
35,0,1,2,11,2,2,70,3,1,2,3,5,1,2,9884,2,1,1,13,3,3,80,1,10,3,3,4,0,2,3
47,0,2,1,14,3,2,1503,3,2,3,2,1,3,2,4591,3,1,1,17,3,3,80,1,11,4,2,5,4,1,2
41,0,2,2,12,4,1,1158,2,1,3,1,3,4,2,4766,3,1,1,11,3,1,80,1,6,4,3,1,0,0,0
32,0,2,2,1,3,1,96,2,1,3,2,2,2,2,6220,1,1,2,17,3,2,80,2,10,3,3,10,4,0,9
38,0,2,2,4,2,2,1687,4,2,3,1,3,3,2,3306,7,1,2,19,3,4,80,1,7,5,2,0,0,0,0
36,1,2,1,3,1,1,967,3,1,2,3,1,4,2,10325,1,1,1,11,3,1,80,1,16,6,3,16,7,3,7
46,0,2,3,5,2,2,103,2,1,3,2,3,2,3,5021,8,1,1,22,4,4,80,1,16,2,3,4,2,0,2
20,0,2,2,1,3,1,657,4,2,2,1,2,2,1,2836,1,1,2,13,3,4,80,0,1,0,4,1,0,0,0
48,0,2,1,2,1,3,712,2,1,4,2,1,2,2,8120,3,1,2,12,3,4,80,0,12,3,3,2,2,2,2
43,0,2,1,25,3,2,1076,3,1,2,3,1,4,3,10798,5,1,2,13,3,3,80,1,18,5,3,1,0,0,0
37,0,2,2,10,3,2,486,3,2,3,1,3,1,2,3452,6,1,2,20,4,2,80,1,17,3,3,5,4,0,3
49,0,2,2,22,4,6,1655,1,2,3,4,8,2,2,16413,3,1,2,16,3,2,80,2,27,2,3,4,2,1,2
44,1,3,2,24,3,1,392,4,1,3,1,3,3,3,3161,3,1,1,22,4,4,80,1,19,0,1,1,0,0,0
48,0,2,2,1,4,1,664,4,2,2,4,6,1,2,15402,7,1,2,11,3,1,80,1,21,3,1,3,2,0,2
20,1,2,2,11,3,2,1016,4,2,2,1,2,1,1,2600,1,1,1,15,3,1,80,0,1,2,3,1,0,0,0
28,0,1,3,1,2,1,1858,3,1,3,1,3,4,3,2706,1,1,2,15,3,2,80,1,3,2,3,3,2,2,2
56,0,2,2,8,3,1,241,3,2,3,1,2,1,3,4257,4,1,1,18,3,3,80,1,19,3,3,2,2,2,2
27,0,2,2,11,1,1,1434,2,1,3,1,3,1,2,2099,0,1,2,14,3,2,80,0,6,3,4,5,0,1,4
32,0,2,2,3,4,2,966,3,2,3,2,4,1,2,6725,1,1,2,12,3,3,80,1,8,2,4,8,7,6,3
29,0,2,2,2,3,1,94,3,1,3,1,2,2,2,2703,0,1,2,23,4,4,80,1,6,3,3,5,4,0,4
55,0,2,3,26,4,3,1973,3,1,4,5,6,2,2,19636,4,1,1,18,3,1,80,1,35,0,3,10,9,1,4
40,0,2,2,15,3,1,1628,1,2,2,3,4,3,2,10435,1,1,2,13,3,4,80,2,18,2,3,18,15,14,12
32,0,1,2,5,4,4,1764,2,1,3,1,2,2,1,2718,2,1,2,14,3,2,80,0,12,3,3,7,7,0,7
34,0,2,1,15,2,2,1356,3,2,3,2,1,1,1,6125,1,1,2,12,3,4,80,0,10,6,4,10,8,9,6
52,0,2,2,1,4,1,259,3,1,2,5,6,3,2,19999,0,1,2,14,3,1,80,1,34,5,3,33,18,11,9
24,0,1,2,9,3,1,812,3,1,2,1,3,2,3,2694,1,1,2,11,3,3,80,3,1,4,3,1,0,0,0
36,0,2,1,11,4,3,2045,2,2,2,2,1,4,2,6652,4,1,2,13,3,1,80,1,8,2,2,6,3,0,0
46,0,2,1,10,3,3,580,3,2,2,3,1,4,2,9071,2,1,1,19,3,3,80,1,15,3,3,3,2,1,2
57,0,2,2,24,2,1,223,3,1,4,3,5,4,3,9439,3,1,1,16,3,2,80,1,12,2,1,5,3,1,4
47,1,1,2,29,4,1,376,1,1,3,3,6,2,2,11849,1,1,1,12,3,4,80,1,10,2,2,10,7,9,9
31,0,2,2,2,4,1,426,3,1,3,1,2,4,3,2695,0,1,1,18,3,2,80,1,3,2,1,2,2,2,2
41,0,2,1,2,5,1,625,2,2,3,4,6,1,2,16595,7,1,2,16,3,2,80,1,22,2,3,18,16,11,8
55,0,2,1,1,2,1,106,1,1,3,3,1,4,2,10239,3,1,2,14,3,4,80,1,24,4,3,1,0,1,0
45,1,3,1,26,4,1,684,1,2,3,2,1,1,2,4286,2,1,2,14,3,4,80,2,5,4,3,1,1,0,0
23,0,2,1,2,1,4,113,3,1,3,1,7,1,3,2322,3,1,2,13,3,3,80,1,3,3,3,0,0,0,0
49,0,1,2,18,4,1,275,4,1,3,2,4,4,3,6804,1,1,1,15,3,1,80,2,7,0,3,7,7,1,7
42,0,2,2,8,3,1,1860,4,1,3,1,3,3,1,3968,4,1,2,13,3,4,80,0,8,3,3,0,0,0,0
35,0,2,2,16,3,1,586,4,1,3,3,5,3,2,7632,4,1,1,12,3,3,80,0,10,2,3,8,7,0,0
37,0,3,2,11,3,6,306,2,1,3,3,8,4,3,12185,1,1,1,14,3,3,80,3,10,1,3,10,8,0,7
32,0,2,1,8,3,2,1304,3,1,4,2,1,4,2,6209,1,1,2,15,3,3,80,2,10,4,4,10,7,0,8
34,1,3,2,9,4,1,1807,4,1,3,2,3,1,2,5346,4,1,2,17,3,3,80,1,11,3,2,7,1,0,7
31,0,3,2,3,4,2,337,2,1,3,3,8,3,3,13675,9,1,2,12,3,1,80,1,9,3,3,2,2,2,2
21,0,2,2,15,2,1,30,3,1,3,1,2,4,1,1232,1,1,2,14,3,4,80,0,0,6,3,0,0,0,0
31,0,2,1,7,3,3,438,4,1,3,2,1,4,3,7547,4,1,2,12,3,4,80,3,13,3,3,7,7,1,7
34,0,3,2,15,3,2,1485,2,1,3,4,8,1,3,17007,7,1,2,14,3,4,80,2,16,3,2,14,8,6,9
42,0,2,2,18,4,1,1998,4,1,3,2,2,1,3,5410,6,1,1,17,3,3,80,1,9,3,2,4,3,1,2
38,0,2,1,9,3,3,893,2,1,2,1,7,2,2,2899,0,1,2,19,3,4,80,1,3,3,3,2,2,1,2
46,0,2,1,3,1,3,1124,1,1,3,4,6,3,2,17465,3,1,2,12,3,4,80,1,23,3,3,12,9,4,9
32,0,2,2,2,3,2,471,3,2,3,1,3,2,2,2370,1,1,2,13,3,3,80,1,8,4,3,8,0,0,7
32,0,2,2,5,2,1,1555,4,2,2,2,2,2,2,5878,3,1,2,12,3,1,80,1,12,2,3,7,1,2,5
51,0,2,1,26,4,3,851,1,2,3,4,6,3,2,16307,2,1,2,14,3,3,80,1,29,2,2,20,6,4,17
56,0,2,2,1,2,1,1441,1,2,3,1,2,1,2,2066,2,1,2,22,4,4,80,1,5,3,4,3,2,1,0
54,0,2,3,19,4,2,698,3,1,3,3,3,2,2,10725,2,1,2,15,3,3,80,1,16,1,4,9,7,7,1
51,1,3,2,8,4,1,179,1,1,1,3,4,4,1,10650,2,1,2,15,3,4,80,0,18,2,3,4,2,0,3
36,0,2,2,10,3,1,1790,4,1,3,3,5,1,2,8321,7,1,1,13,3,4,80,1,15,1,3,12,8,5,7
27,0,2,1,8,4,3,458,2,2,3,2,1,2,2,6214,1,1,2,18,3,1,80,1,8,3,3,8,7,0,7
42,0,2,2,2,2,2,1109,4,1,3,4,6,1,2,17665,0,1,2,17,3,4,80,1,23,3,3,22,6,13,7
31,0,2,1,5,4,1,1673,1,2,3,2,1,4,2,5476,1,1,2,11,3,1,80,2,10,2,3,10,0,0,2
44,0,1,2,5,3,1,1471,3,1,2,1,3,3,1,3162,3,1,2,14,3,4,80,0,7,5,3,5,2,0,3
28,0,3,1,7,3,1,1507,3,1,3,2,1,1,1,4898,0,1,2,14,3,4,80,0,5,5,3,4,2,1,3
34,1,3,1,6,2,3,555,4,2,1,1,7,3,3,2351,0,1,2,16,3,4,80,1,3,3,2,2,2,1,0
27,0,2,2,1,2,2,497,4,1,3,1,3,2,3,3816,1,1,2,11,3,2,80,1,5,2,3,5,2,0,4
36,0,2,1,3,3,2,2024,1,2,2,3,1,4,2,7644,0,1,2,19,3,3,80,2,10,2,3,9,7,3,4
41,1,3,1,4,3,3,488,1,1,3,2,1,2,1,9355,1,1,2,18,3,3,80,0,8,5,3,8,7,7,7
27,0,2,2,16,4,4,1001,3,2,3,1,3,2,2,2811,9,1,2,14,3,2,80,1,4,2,3,2,2,2,2
29,0,2,2,23,3,1,495,4,1,3,1,2,4,1,2201,9,1,2,16,3,4,80,0,6,4,3,3,2,1,2
35,0,2,2,6,1,1,1291,3,1,3,1,2,3,2,3506,0,1,1,14,3,4,80,0,4,3,3,3,2,2,2
22,1,2,2,3,1,1,926,2,2,3,2,4,3,2,4171,0,1,1,19,3,1,80,1,4,3,4,3,2,0,2
58,0,2,2,5,3,4,940,3,2,2,3,5,2,3,10552,2,1,1,13,3,4,80,1,24,3,3,6,0,0,4
33,0,2,2,8,5,1,1515,4,1,3,2,5,3,1,6388,2,1,1,17,3,1,80,0,14,6,3,0,0,0,0
22,1,3,2,3,4,1,1203,3,1,2,1,2,4,2,2853,0,1,1,11,3,2,80,1,1,5,3,0,0,0,0
27,0,2,2,9,3,2,260,4,2,3,1,2,2,1,2279,1,1,2,16,3,4,80,0,7,2,2,7,7,0,3
51,0,2,2,9,4,1,116,4,1,3,1,3,4,2,2075,3,1,2,23,4,2,80,2,10,4,3,4,2,0,3
36,0,2,2,1,3,6,823,3,2,3,2,4,2,2,5228,0,1,2,15,3,1,80,1,10,2,3,9,7,0,5
33,1,2,2,10,1,2,584,1,1,1,1,3,4,3,3408,7,1,2,13,3,1,80,3,8,2,3,4,3,1,3
39,0,2,2,1,3,2,417,3,1,4,3,5,4,3,9613,0,1,2,17,3,1,80,3,19,5,2,18,10,3,7
40,0,2,2,8,2,1,1724,2,2,3,2,4,1,2,6516,2,1,1,16,3,2,80,1,18,3,3,1,0,0,0
39,0,2,2,3,2,2,1627,3,1,2,2,3,3,3,3069,0,1,2,15,3,4,80,1,11,3,3,10,8,0,7
28,1,2,2,2,4,1,364,1,1,3,1,3,3,1,3485,2,1,2,11,3,3,80,0,5,5,1,0,0,0,0
29,0,2,2,21,4,1,20,2,2,4,3,4,1,3,9980,1,1,2,11,3,3,80,1,10,1,3,10,9,8,8
31,0,2,2,11,4,1,895,4,1,3,1,2,4,2,2356,3,1,1,19,3,2,80,1,8,2,3,6,4,0,2
46,0,2,2,1,4,2,1069,4,1,3,5,8,4,3,19627,9,1,2,17,3,4,80,2,23,0,3,2,2,2,2
24,0,3,3,10,3,2,1746,1,1,3,1,3,4,2,2145,0,1,2,14,3,4,80,1,3,2,3,2,2,2,1
36,0,2,2,3,2,1,155,1,2,3,1,3,4,3,2835,5,1,2,22,4,1,80,1,7,2,3,1,0,0,0
34,0,3,2,2,1,1,256,4,1,2,2,4,3,2,9547,1,1,2,17,3,3,80,0,10,2,2,10,9,1,9
41,0,2,2,9,4,1,1772,3,1,3,1,3,1,3,2289,1,1,2,20,4,2,80,2,5,2,3,5,3,0,4
40,0,2,2,2,3,2,521,2,2,2,2,3,3,2,3448,6,1,2,22,4,2,80,1,20,3,3,1,0,0,0
44,1,2,2,3,3,1,1333,1,1,3,1,3,1,2,2362,4,1,2,12,3,3,80,0,10,4,4,3,2,1,2
31,0,2,2,26,1,1,16,1,1,3,1,2,3,3,2911,1,1,2,17,3,4,80,1,5,1,2,5,2,4,3
38,0,3,2,2,4,1,803,1,2,4,2,4,1,1,5980,6,1,1,12,3,4,80,0,17,2,3,15,7,4,12
28,0,2,2,10,3,6,1097,3,2,3,2,2,3,1,3660,3,1,2,13,3,4,80,0,10,4,4,8,7,1,7
55,0,2,2,2,2,2,1336,4,2,1,5,6,3,2,19187,4,1,2,14,3,4,80,1,23,5,3,19,9,9,11
35,0,2,2,8,1,1,63,4,1,4,1,3,4,2,2269,1,1,2,19,3,4,80,0,1,2,3,1,0,0,1
54,0,2,2,5,2,2,522,1,1,3,5,8,1,2,19406,4,1,2,11,3,3,80,1,24,4,2,4,2,1,2
28,1,2,2,1,2,1,741,1,2,1,1,2,2,1,2216,7,1,1,13,3,4,80,0,10,4,3,7,7,3,7
34,0,2,1,8,2,1,808,3,2,3,2,1,1,2,6500,5,1,2,17,3,2,80,1,6,1,3,3,2,1,2
38,0,2,1,1,3,1,1961,1,1,2,1,7,1,1,2858,4,1,2,14,3,1,80,0,20,3,2,1,0,0,0
29,1,2,2,18,1,2,315,3,1,2,1,2,4,1,2389,1,1,1,13,3,3,80,0,4,3,2,4,3,0,1
35,0,2,2,1,4,1,826,4,2,4,1,2,3,1,2506,3,1,2,13,3,3,80,0,7,0,3,2,2,2,2
38,0,2,2,15,2,1,461,3,1,2,3,8,4,3,11510,0,1,1,14,3,2,80,1,12,3,3,11,10,2,9
31,0,2,1,2,2,1,1996,1,1,3,1,7,3,2,3067,0,1,2,19,3,3,80,1,3,1,3,2,2,1,2
28,0,2,2,21,3,2,221,3,1,3,1,2,4,2,2713,1,1,2,11,3,3,80,1,5,2,1,5,2,0,2
35,0,3,2,2,4,2,1704,1,1,2,1,2,4,1,4930,0,1,1,14,3,3,80,0,6,2,4,5,4,1,4
55,0,2,2,4,4,1,1501,4,1,3,2,5,3,2,4035,0,1,1,16,3,2,80,0,4,2,3,3,2,1,2
36,0,2,1,2,4,1,1556,3,1,3,1,7,4,1,2644,3,1,1,21,4,4,80,0,7,3,2,3,2,1,2
47,0,1,1,2,4,3,1731,3,1,3,2,1,2,2,4978,7,1,2,11,3,4,80,1,4,3,1,1,0,0,0
52,0,1,2,19,4,2,791,4,1,3,1,2,4,2,4258,0,1,2,18,3,1,80,1,5,3,3,4,3,1,2
34,1,1,2,16,4,4,1905,4,1,1,1,2,1,2,2307,1,1,1,23,4,2,80,1,5,2,3,5,2,3,0
36,0,2,1,16,4,3,1436,3,2,2,2,1,1,2,5647,4,1,2,13,3,1,80,2,11,3,2,3,2,0,2
32,0,2,2,1,3,2,78,1,1,3,2,4,4,2,6162,1,1,1,22,4,2,80,1,9,3,3,9,8,7,8
37,0,1,2,5,2,4,1440,3,1,4,1,3,3,1,3500,0,1,2,14,3,1,80,0,7,2,1,6,5,1,3
36,0,3,1,11,2,4,154,2,2,3,3,1,4,2,9738,0,1,2,14,3,3,80,1,10,6,3,9,7,2,8
36,0,2,2,6,4,1,1221,3,1,1,1,3,3,3,2741,1,1,2,14,3,3,80,1,7,4,3,7,7,1,7
45,0,2,2,8,4,6,452,4,1,3,2,2,4,2,3697,9,1,2,14,3,1,80,2,12,3,3,10,9,9,8
24,1,2,1,1,1,4,554,1,2,3,1,7,2,1,3202,1,1,1,16,3,2,80,0,6,4,3,5,3,1,4
39,0,2,2,1,4,2,332,3,2,3,1,3,3,3,2232,7,1,2,14,3,3,80,3,7,1,3,3,2,1,2
42,0,1,2,21,2,2,270,3,2,3,2,4,3,3,5265,2,1,2,16,3,2,80,1,11,5,3,5,3,0,2
41,0,2,1,6,3,3,1708,4,1,3,3,1,3,1,9241,1,1,2,12,3,2,80,0,10,3,3,10,8,8,7
53,0,2,2,2,3,2,1472,4,1,4,4,8,2,1,16598,4,1,2,12,3,2,80,0,35,2,2,9,8,8,8
36,0,1,2,8,3,1,742,1,2,4,3,8,1,2,11713,9,1,2,14,3,1,80,1,10,2,3,8,7,0,5
29,0,2,2,15,1,1,1202,2,2,1,1,2,4,2,2168,0,1,1,18,3,1,80,1,6,2,2,5,4,1,3
27,0,2,2,6,3,1,1162,4,1,2,1,2,3,2,2539,1,1,2,13,3,3,80,1,4,0,3,4,2,2,2
30,0,2,3,1,3,1,1499,3,1,3,1,3,3,3,2064,0,1,2,21,4,1,80,1,6,3,4,5,3,1,3
53,0,2,1,1,1,2,682,4,2,3,2,1,1,1,8381,7,1,2,20,4,4,80,0,18,2,4,14,7,8,10
42,0,2,2,29,3,2,1148,2,1,1,2,3,4,1,4272,4,1,2,19,3,1,80,0,16,3,3,1,0,0,0
42,0,2,2,4,2,4,319,3,1,3,5,6,4,2,19232,1,1,2,11,3,4,80,0,22,3,3,22,17,11,15
34,0,2,2,2,4,1,339,4,1,2,2,4,1,2,5957,6,1,2,13,3,2,80,1,13,3,3,11,9,5,9
44,0,2,3,1,4,1,665,1,2,2,2,3,3,1,5985,4,1,2,11,3,2,80,0,10,1,4,2,2,0,2
29,1,2,2,10,3,1,994,4,2,2,1,2,1,1,2404,6,1,1,20,4,3,80,0,3,5,3,0,0,0,0
28,0,2,2,1,3,1,1799,3,1,3,1,2,4,2,2044,1,1,2,11,3,3,80,1,5,6,4,5,3,0,3
36,0,2,2,14,1,1,924,3,1,3,2,5,4,2,6586,0,1,1,17,3,1,80,1,17,2,2,16,8,4,11
29,0,1,1,2,3,1,469,4,1,3,2,1,3,2,4649,1,1,2,14,3,1,80,1,4,3,2,4,3,0,2
49,0,2,2,4,2,2,1256,1,1,2,5,6,3,2,18711,2,1,2,13,3,3,80,1,23,2,4,1,0,0,0
32,0,2,1,2,1,3,1396,3,1,3,2,1,2,2,4078,0,1,1,13,3,1,80,3,4,3,2,3,2,1,2
39,1,2,2,6,3,2,932,4,1,3,1,3,1,2,2404,7,1,1,21,4,4,80,0,8,2,1,2,2,2,2
29,0,3,1,20,3,4,974,3,2,3,1,7,4,2,2157,1,1,2,15,3,2,80,1,3,5,3,3,1,0,2
32,0,3,2,2,2,1,8,4,1,3,1,3,4,1,3068,0,1,2,13,3,3,80,0,8,2,2,7,7,3,6
27,0,2,2,8,3,2,1751,3,2,3,1,2,4,1,3445,1,1,2,11,3,3,80,0,6,5,2,6,2,1,4
26,0,2,2,7,3,6,1417,3,1,4,1,3,1,1,3578,0,1,2,12,3,4,80,0,8,2,3,7,7,0,7
46,0,2,1,2,3,3,1204,3,2,3,4,6,1,2,17048,8,1,2,23,4,1,80,0,28,2,3,26,15,15,9
26,0,2,1,28,2,3,641,1,1,3,2,1,2,2,6272,1,1,2,20,4,4,80,2,6,5,4,5,3,1,4
30,0,2,2,16,3,1,1763,3,1,4,2,5,3,2,5294,3,1,2,16,3,3,80,1,10,3,3,7,0,1,7
41,0,2,1,6,3,1,298,4,2,3,3,6,4,1,13591,3,1,1,18,3,3,80,0,16,3,3,1,0,0,0
46,0,2,1,3,3,1,1527,3,2,3,4,6,2,2,16606,8,1,2,12,3,4,80,1,23,2,4,13,12,5,1
35,0,2,1,7,1,1,1492,4,1,3,1,7,3,2,2404,1,1,2,13,3,1,80,1,1,3,3,1,0,0,0
51,0,2,1,14,2,1,500,3,2,3,2,1,4,2,4936,4,1,2,11,3,3,80,1,18,2,2,7,7,0,7
48,0,2,2,6,3,1,1022,1,1,2,2,5,3,1,4240,2,1,2,13,3,4,80,0,19,0,3,2,2,2,2
48,0,2,2,2,2,4,1258,4,1,4,1,3,2,1,2559,5,1,2,11,3,3,80,0,7,4,2,1,0,0,0
22,0,1,2,16,2,2,22,4,1,4,1,3,4,3,2935,1,1,1,13,3,2,80,2,1,2,2,1,0,0,0
27,0,2,2,17,3,4,233,3,1,3,1,2,2,2,3058,0,1,1,16,3,4,80,1,6,3,2,5,2,1,1
37,0,2,2,13,3,2,1543,1,1,3,2,2,4,2,4285,1,1,2,17,3,1,80,0,10,2,3,10,8,3,7
48,0,2,2,20,4,2,945,4,1,3,1,2,3,2,2259,4,1,2,17,3,1,80,2,13,2,2,0,0,0,0
53,0,2,2,13,2,2,250,4,2,4,2,4,1,3,4450,1,1,2,11,3,3,80,2,5,3,3,4,2,1,3
42,0,2,1,4,4,3,1171,2,1,3,2,1,1,1,5155,7,1,2,13,3,4,80,0,9,3,4,6,4,1,5
32,1,3,2,16,1,1,33,2,2,1,1,2,1,1,3919,1,1,1,22,4,2,80,0,10,5,3,10,2,6,7
37,0,2,1,9,2,3,1787,2,1,2,2,1,2,2,4189,1,1,2,14,3,1,80,2,5,2,3,5,2,0,3
26,1,2,1,4,4,3,401,4,1,2,2,1,4,1,5828,1,1,1,12,3,2,80,0,8,0,3,8,7,7,4
52,0,2,2,8,4,6,1409,3,2,3,1,3,1,2,2950,9,1,2,13,3,3,80,0,12,2,1,5,4,0,4
38,0,2,2,3,5,4,193,4,2,3,2,2,3,1,4317,3,1,1,20,4,2,80,0,19,2,3,3,2,2,2
50,0,2,2,10,3,4,491,4,1,2,3,5,4,1,10496,6,1,2,15,3,4,80,0,20,2,3,4,3,1,3
29,1,2,3,13,3,3,1844,1,1,2,1,3,1,3,2335,4,1,1,15,3,4,80,3,4,3,3,2,2,2,0
29,0,2,2,7,3,1,1260,3,1,3,2,5,4,3,6623,1,1,1,11,3,2,80,2,6,2,3,6,0,1,0
31,0,2,1,7,3,1,613,3,1,2,3,6,4,3,11557,9,1,2,21,4,3,80,1,10,3,2,5,4,0,1
37,0,2,2,14,3,1,515,4,2,3,1,3,1,3,3034,1,1,2,12,3,3,80,1,18,2,2,18,7,12,17
33,0,2,2,28,4,1,1549,2,1,3,2,3,3,2,5207,1,1,1,12,3,2,80,1,15,3,3,15,14,5,7
43,0,3,2,21,3,2,525,4,1,3,1,3,4,2,2258,7,1,2,20,4,1,80,1,8,1,3,3,2,1,2
35,1,2,1,4,3,4,1100,4,1,3,3,1,1,1,9582,0,1,1,22,4,1,80,0,9,2,3,8,7,4,7
35,0,1,2,8,4,1,1630,3,2,3,2,5,3,2,4148,1,1,2,12,3,4,80,1,15,5,3,14,11,2,9
45,0,2,1,2,2,4,783,2,1,1,2,7,3,1,6632,0,1,2,13,3,1,80,0,9,3,3,8,7,3,1
37,0,3,1,1,4,2,1700,3,1,1,2,1,4,3,9525,1,1,2,14,3,3,80,2,6,2,2,6,3,1,3
43,0,2,2,8,3,1,920,1,2,3,2,4,2,3,4765,4,1,2,21,4,3,80,1,4,2,4,1,0,0,0
49,0,2,2,5,4,4,1473,1,1,3,2,5,3,2,6651,2,1,2,14,3,2,80,1,20,0,2,3,2,1,2
38,0,1,1,10,3,4,983,3,2,3,2,1,4,1,5666,1,1,1,13,3,2,80,0,6,1,3,5,3,1,3
44,0,2,2,9,2,1,913,2,1,3,1,2,1,2,2559,1,1,1,13,3,4,80,0,8,0,3,8,7,7,1
29,0,2,2,6,1,2,1192,2,2,3,1,3,4,2,3131,1,1,2,13,3,1,80,1,10,5,3,10,8,0,8
49,0,2,1,11,4,3,1757,4,2,3,2,1,4,1,4507,3,1,2,12,3,3,80,0,8,1,4,5,1,0,4
31,1,3,2,2,3,1,1464,2,1,3,1,3,4,2,3722,6,1,1,13,3,3,80,1,7,2,1,2,2,2,2
21,1,2,1,12,3,1,494,3,2,4,1,7,2,1,2716,1,1,2,15,3,4,80,0,1,0,3,1,0,0,0
26,0,3,2,11,2,2,390,1,1,3,2,5,1,2,4741,1,1,1,13,3,3,80,1,5,3,3,5,3,3,3
33,1,2,2,14,3,2,325,3,1,3,1,3,4,2,2436,5,1,1,13,3,3,80,1,8,2,1,5,4,0,4
27,0,2,1,9,3,3,1965,4,1,3,2,1,4,1,4105,1,1,2,14,3,1,80,0,7,5,3,7,7,0,7
19,0,2,2,25,3,1,1269,2,2,4,1,2,4,1,2994,1,1,1,12,3,4,80,0,1,2,3,1,0,0,1
37,0,1,1,19,2,2,904,1,1,3,3,1,2,1,7642,1,1,1,13,3,4,80,0,10,2,3,10,0,0,9
40,0,1,2,8,1,2,1468,4,1,2,3,8,2,3,13757,2,1,2,11,3,3,80,1,16,5,3,9,8,4,8
22,1,2,2,8,1,2,1783,3,2,3,1,3,1,2,2398,1,1,1,17,3,3,80,0,1,6,3,1,0,0,0
46,0,2,2,15,2,1,1217,4,1,3,5,8,2,2,19081,5,1,2,11,3,1,80,1,25,2,3,4,2,0,3
51,0,2,1,21,4,3,120,3,1,3,2,1,4,1,5441,0,1,1,22,4,4,80,0,11,2,1,10,7,1,0
39,0,3,2,22,3,2,1043,4,2,3,3,4,1,1,10880,1,1,1,13,3,3,80,0,21,2,3,21,6,2,8
37,0,2,2,19,2,1,61,2,1,3,1,2,2,2,3022,4,1,2,21,4,1,80,0,8,1,3,1,0,0,0
40,0,2,2,2,4,1,2048,3,1,2,1,2,3,1,2809,2,1,2,14,3,4,80,0,8,2,3,2,2,2,2
27,0,2,2,14,3,1,1244,1,1,3,1,2,1,2,2235,1,1,1,14,3,4,80,2,9,3,2,9,7,6,8
33,1,2,2,2,2,1,328,1,2,3,1,3,1,2,2707,7,1,2,20,4,1,80,0,13,3,4,9,7,1,7
32,0,1,1,26,4,3,333,3,1,3,2,1,4,2,4465,0,1,2,18,3,1,80,0,4,2,3,3,2,2,2
37,0,1,1,9,4,2,626,1,1,3,3,1,2,3,8834,1,1,2,13,3,4,80,1,9,6,3,9,5,7,7
49,0,3,2,2,1,1,1941,2,1,3,5,8,4,2,19161,3,1,2,15,3,4,80,0,28,3,3,5,4,4,3
38,0,3,2,3,4,6,1060,3,1,3,1,2,3,2,2821,3,1,2,16,3,1,80,1,8,2,3,2,2,2,2
19,1,2,1,22,1,3,167,4,1,3,1,7,3,1,1675,1,1,1,19,3,4,80,0,0,2,2,0,0,0,0
37,0,2,2,3,3,6,1062,4,2,3,2,5,2,1,4107,3,1,2,15,3,1,80,0,8,3,2,4,3,0,1
26,0,2,2,4,2,1,1275,3,1,3,1,2,4,1,2875,1,1,1,20,4,2,80,0,8,2,2,8,5,2,2
31,0,1,2,1,4,2,308,3,1,1,2,4,3,2,4345,0,1,2,12,3,4,80,1,6,2,3,5,4,1,4
34,1,1,1,19,3,3,502,1,1,4,2,1,4,1,5304,8,1,1,13,3,2,80,0,9,3,2,5,2,0,4
29,1,3,2,24,2,1,1868,4,1,2,1,2,4,1,2439,1,1,1,24,4,2,80,0,1,3,2,1,0,1,0
43,0,2,2,14,2,1,843,2,1,3,4,8,1,2,17159,6,1,2,24,4,3,80,1,22,3,3,4,1,1,0
32,1,2,2,7,2,1,1309,4,1,3,2,3,3,2,4883,1,1,2,18,3,1,80,1,10,3,3,10,4,1,1
42,0,2,2,2,3,2,1542,3,1,2,1,3,2,2,4841,4,1,2,14,3,2,80,1,4,3,3,1,0,0,0
32,0,3,2,7,3,1,359,2,1,4,1,3,2,2,2794,1,1,2,20,4,3,80,0,5,3,1,5,1,0,3
29,0,2,2,1,3,1,1264,4,2,2,4,8,4,3,16124,3,1,2,14,3,2,80,2,9,2,2,7,7,1,7
27,0,2,2,4,2,1,1259,1,1,3,1,2,3,3,2517,1,1,2,11,3,2,80,3,5,2,3,5,3,0,3
20,1,2,2,10,1,2,701,4,1,3,1,2,3,1,1009,1,1,1,11,3,4,80,0,1,5,3,1,0,1,1
26,1,3,3,17,4,1,608,2,2,3,1,3,3,3,2741,0,1,1,11,3,2,80,1,8,2,2,7,7,1,0
34,0,2,2,2,4,2,1755,4,1,4,1,2,4,2,2932,0,1,1,14,3,1,80,3,6,3,3,5,0,1,2
27,0,2,2,6,4,2,655,1,2,2,1,2,3,3,2187,0,1,2,12,3,3,80,2,6,5,2,5,3,0,3
52,0,2,2,7,4,1,1118,2,1,3,3,5,2,1,10445,7,1,2,19,3,4,80,0,18,4,3,8,6,4,0
33,0,2,1,1,3,2,855,1,1,4,2,1,1,3,4037,1,1,2,22,4,1,80,1,9,5,3,9,8,0,8
24,0,2,2,17,1,2,1009,4,2,2,2,4,3,3,4377,1,1,2,15,3,2,80,2,5,6,3,4,2,3,2
50,0,3,2,2,3,2,1215,4,2,3,4,6,1,2,17856,2,1,2,22,4,3,80,1,32,3,3,2,2,2,2
38,0,2,1,10,4,3,1119,3,1,2,3,1,3,3,8740,0,1,1,14,3,2,80,2,9,2,3,8,7,2,7
37,0,2,2,1,2,2,340,3,2,2,1,2,1,2,3920,2,1,2,14,3,1,80,1,17,2,2,3,1,0,2
26,0,2,1,10,3,2,1836,3,1,3,2,1,4,1,4684,1,1,2,13,3,1,80,0,5,4,3,5,3,1,2
36,0,2,2,6,3,1,97,2,2,4,1,3,4,2,3038,3,1,2,12,3,2,80,0,5,3,3,1,0,0,0
24,0,2,2,1,2,1,1981,2,1,2,2,5,3,1,4617,1,1,2,12,3,2,80,0,4,2,2,4,3,1,2
31,1,2,1,20,3,1,175,2,2,1,2,1,3,2,4559,3,1,1,11,3,3,80,1,4,2,3,2,2,2,2
41,0,2,1,9,1,1,176,3,1,3,3,1,3,3,8189,3,1,1,13,3,3,80,1,12,2,3,9,7,0,7
18,0,1,2,1,3,1,1368,4,2,3,1,3,4,1,1611,1,1,2,15,3,3,80,0,0,5,4,0,0,0,0
25,0,2,1,4,1,3,885,3,1,2,2,1,1,2,4256,1,1,2,12,3,1,80,0,5,1,4,5,2,0,3
31,1,2,2,8,3,1,1433,1,2,2,1,2,2,1,1261,1,1,2,12,3,3,80,0,1,3,4,1,0,0,0
38,0,1,1,2,2,1,361,4,1,2,2,1,4,2,5249,3,1,2,18,3,4,80,1,13,0,3,8,7,7,5
28,0,2,2,3,3,2,1121,4,2,3,3,4,2,3,7655,0,1,2,17,3,2,80,3,10,3,2,9,7,1,7
20,0,2,2,3,3,1,1198,1,1,2,1,3,3,1,3033,1,1,2,12,3,1,80,0,2,2,2,2,2,1,2
45,0,3,2,7,4,1,341,1,1,4,2,4,3,2,6434,4,1,2,17,3,4,80,1,9,1,3,3,2,0,2
41,0,2,2,5,3,1,1814,2,1,4,2,5,2,1,6870,3,1,2,12,3,1,80,0,11,3,1,3,2,1,2
27,0,2,2,2,4,1,54,4,2,3,1,3,1,3,2341,1,1,2,13,3,4,80,1,1,6,3,1,0,0,0
33,0,2,2,2,3,2,39,3,1,3,1,3,4,1,2496,4,1,2,11,3,4,80,0,7,3,3,1,1,0,0
21,0,2,2,5,1,2,1623,3,1,3,1,2,4,1,3117,1,1,2,18,3,3,80,0,3,2,3,2,2,2,2
56,0,2,2,23,3,1,1373,4,1,3,4,4,2,2,13402,4,1,1,12,3,1,80,1,33,0,3,19,16,15,9
40,0,2,2,2,1,2,763,4,2,2,1,2,4,1,2342,0,1,1,20,4,4,80,0,5,2,2,4,2,2,3
31,0,2,2,9,4,1,493,3,1,2,1,2,2,1,2657,0,1,1,16,3,4,80,0,3,5,3,2,2,2,2
30,0,2,1,27,5,3,747,3,1,3,2,1,4,3,5304,7,1,2,23,4,4,80,1,10,2,2,8,7,7,7
33,0,2,2,25,3,1,1545,4,1,2,2,4,2,1,4320,1,1,2,13,3,4,80,0,5,2,3,5,3,0,2
27,0,2,1,23,1,2,1864,2,2,2,2,7,3,2,3540,1,1,2,21,4,4,80,1,9,5,3,9,8,5,8
40,0,2,3,6,2,2,1550,3,1,3,4,6,4,1,16437,1,1,1,21,4,4,80,0,21,2,3,21,7,7,7
41,0,2,3,10,4,3,731,2,1,2,5,6,4,3,19141,3,1,2,15,3,2,80,3,23,2,2,21,6,12,6
58,0,1,1,2,3,2,1824,2,1,3,4,6,2,3,16291,4,1,2,22,4,4,80,1,37,0,2,16,9,14,14
37,0,2,2,25,2,2,1161,3,2,2,2,5,4,3,5731,7,1,2,13,3,3,80,2,9,2,3,6,2,1,3
40,0,2,1,4,4,3,215,3,1,2,3,1,4,2,10855,7,1,2,11,3,1,80,1,15,2,2,12,11,2,11
30,0,2,2,1,2,2,1989,4,1,3,1,3,2,2,3748,1,1,2,13,3,3,80,0,12,6,2,12,8,1,7
46,0,3,1,5,4,3,62,1,1,3,2,1,4,1,5772,4,1,1,21,4,3,80,0,14,4,3,9,6,0,8
40,0,2,1,2,2,3,1986,2,2,3,2,1,2,2,5677,3,1,2,14,3,3,80,1,15,4,3,11,8,5,10
29,0,3,2,20,1,2,1852,4,1,3,1,3,4,2,3812,1,1,2,13,3,2,80,0,11,3,4,11,8,3,10
39,0,3,2,7,2,2,444,3,1,2,5,6,4,2,19272,1,1,2,15,3,1,80,1,21,2,3,21,9,13,3
43,0,3,2,27,3,1,1126,3,2,3,3,4,1,2,10820,8,1,2,11,3,3,80,1,18,1,3,8,7,0,1
22,0,2,2,15,3,2,144,2,2,3,1,3,4,1,2871,1,1,2,15,3,3,80,0,1,5,3,0,0,0,0
46,1,2,1,9,2,2,118,3,1,2,3,1,4,1,9619,1,1,2,16,3,4,80,0,9,3,3,9,8,4,7
44,0,2,1,28,3,2,1039,4,2,4,4,1,4,2,13320,3,1,1,18,3,3,80,1,23,2,3,12,11,11,11
45,0,2,3,24,4,2,1049,2,1,3,1,3,2,1,2177,1,1,2,16,3,1,80,0,6,3,3,6,3,0,4
28,1,2,2,2,4,2,440,1,1,1,1,2,4,2,3464,5,1,1,13,3,4,80,0,5,4,2,3,2,2,2
30,0,3,2,3,3,2,680,3,2,3,1,2,3,3,2083,1,1,2,20,4,3,80,1,1,2,3,1,0,0,0
55,0,2,2,14,4,2,254,3,1,4,5,8,2,1,18722,8,1,2,11,3,4,80,0,36,3,3,24,15,2,15
34,0,2,1,1,3,3,1950,1,1,3,3,1,4,1,9888,1,1,2,21,4,1,80,0,14,3,2,14,8,2,1
34,0,2,2,2,4,2,804,3,2,2,1,2,1,1,4381,1,1,2,11,3,3,80,0,6,3,3,6,5,1,3
50,0,2,1,9,3,3,1591,3,1,3,5,6,3,2,19331,4,1,1,16,3,3,80,1,27,2,3,1,0,0,0
50,0,2,2,24,3,1,1005,4,1,3,4,4,3,2,13973,3,1,1,18,3,4,80,1,22,2,3,12,11,1,5
35,0,2,3,8,4,4,1164,3,1,3,1,3,3,1,4323,1,1,2,17,3,2,80,0,6,2,1,5,4,1,4
48,0,2,1,2,5,3,595,2,2,3,2,1,4,2,4051,2,1,2,14,3,1,80,1,14,2,3,9,7,6,7
40,0,2,2,12,3,1,1829,2,2,3,2,5,1,3,4448,2,1,2,12,3,2,80,1,15,3,3,7,4,7,7
26,0,2,2,1,2,2,1083,1,1,2,1,3,1,2,3955,1,1,2,16,3,1,80,2,6,2,3,5,3,1,3
22,1,3,2,4,1,4,593,3,1,2,1,3,3,1,3894,5,1,2,16,3,3,80,0,4,3,3,2,2,1,2
36,0,2,2,5,4,1,51,2,2,2,1,2,1,2,3419,9,1,1,14,3,4,80,1,6,3,4,1,1,0,0
32,0,2,2,9,4,1,679,1,2,3,2,2,4,2,6322,1,1,1,12,3,4,80,1,6,2,2,6,4,0,5
40,0,2,2,1,3,1,1822,3,2,3,2,5,4,3,6513,4,1,2,17,3,4,80,1,12,3,3,5,3,0,3
29,0,2,2,29,1,1,1859,4,1,1,2,5,3,3,6384,8,1,2,17,3,4,80,2,11,3,3,7,0,1,6
54,0,2,2,1,3,2,1422,4,2,3,4,8,4,1,17328,6,1,2,19,3,4,80,0,29,3,2,20,7,12,7
25,0,2,2,2,1,2,854,1,1,4,1,2,1,1,3424,7,1,2,13,3,3,80,0,6,3,2,4,3,0,1
37,0,2,2,10,4,1,518,3,1,3,2,4,2,1,4197,2,1,1,12,3,4,80,0,18,2,2,1,0,0,1
30,0,2,2,2,3,1,548,3,2,1,2,4,4,1,6091,2,1,2,20,4,3,80,0,11,2,3,5,4,0,2
35,0,2,1,3,4,1,984,4,1,3,3,1,4,3,7823,6,1,2,13,3,2,80,1,12,2,3,10,9,0,8
23,1,2,1,7,3,1,1702,3,1,3,1,7,4,3,2275,1,1,1,21,4,2,80,1,3,2,3,3,2,0,2
59,0,2,1,1,2,4,1048,2,1,3,3,6,4,2,11904,3,1,1,14,3,3,80,1,14,1,1,6,4,0,4
27,0,2,2,7,3,2,764,4,2,2,2,5,1,1,6811,8,1,2,19,3,1,80,0,9,2,1,7,6,0,7
37,0,2,1,10,4,1,1105,4,2,2,2,1,4,3,6694,2,1,1,14,3,3,80,3,8,5,3,1,0,0,0
29,1,2,1,23,1,1,1165,4,2,2,3,1,1,2,7336,1,1,2,13,3,1,80,1,11,3,1,11,8,3,10
29,0,3,1,2,2,1,388,2,1,3,2,1,4,1,4554,1,1,2,18,3,1,80,0,10,3,2,10,7,0,9
42,0,2,2,17,2,1,347,4,2,4,2,2,1,1,6545,3,1,1,13,3,3,80,0,10,1,3,3,2,0,2
24,1,2,1,3,2,1,720,1,2,3,2,1,3,1,4577,9,1,2,14,3,1,80,0,4,3,3,2,2,2,0
41,0,2,2,6,3,2,957,4,1,3,1,3,1,1,4721,2,1,1,13,3,3,80,0,20,3,3,18,13,2,17
50,0,2,2,1,2,2,997,4,1,3,4,8,4,3,17399,9,1,2,22,4,3,80,1,32,1,2,5,4,1,3
41,0,2,1,8,3,3,1909,3,2,3,2,1,2,2,4393,5,1,2,21,4,3,80,1,14,3,3,5,4,1,4
42,1,3,2,19,3,2,752,3,1,4,1,2,3,3,2759,6,1,1,12,3,4,80,0,7,2,3,2,2,2,2
23,1,3,1,9,3,3,2023,4,1,3,1,7,1,2,1790,1,1,2,19,3,1,80,1,1,3,2,1,0,1,0
50,0,2,1,8,4,3,738,4,1,3,1,7,2,2,3875,7,1,2,15,3,4,80,1,4,2,3,2,2,2,2
28,0,2,2,19,4,2,1216,4,1,2,1,3,1,2,3196,1,1,2,12,3,3,80,3,6,2,3,6,5,3,3
22,0,2,2,6,1,2,675,1,1,3,1,2,3,2,2773,0,1,2,20,4,4,80,0,3,3,3,2,2,2,2
41,0,2,2,6,3,2,466,4,1,2,2,4,2,1,6032,6,1,1,15,3,4,80,0,8,3,3,5,4,1,2
34,0,3,2,3,1,1,1103,1,1,3,2,5,4,1,7756,0,1,2,17,3,3,80,0,7,1,2,6,2,0,4
36,0,2,1,1,4,1,1585,2,2,3,2,1,3,1,6815,6,1,2,13,3,1,80,0,15,5,3,1,0,0,0
58,1,2,2,7,4,2,1360,3,2,2,3,4,1,2,10008,7,1,1,14,3,4,80,0,31,0,2,10,9,5,9
32,0,2,2,10,3,2,1516,3,1,3,3,6,4,1,11244,2,1,2,25,4,2,80,0,10,5,4,5,2,0,0
40,0,2,2,2,1,2,1375,2,2,4,2,5,3,3,6377,5,1,2,20,4,2,80,3,15,0,3,12,11,11,8
45,0,2,2,5,5,2,1611,3,2,1,2,3,1,1,5769,1,1,1,14,3,1,80,0,10,3,3,10,7,1,4
28,1,2,2,2,4,2,828,3,1,3,1,2,3,1,4382,6,1,2,17,3,4,80,0,5,3,2,2,2,2,1
29,0,2,1,5,3,2,1669,1,1,2,2,1,2,3,4187,1,1,1,13,3,2,80,1,10,3,2,10,0,0,9
31,1,3,2,29,2,2,355,3,1,2,1,3,2,1,3479,0,1,2,11,3,2,80,0,6,2,4,5,4,1,4
19,1,2,3,2,2,4,566,1,1,2,1,3,4,1,2564,1,1,2,12,3,3,80,0,1,3,4,1,0,0,0
45,0,2,2,7,3,1,86,2,1,3,3,2,1,3,9724,2,1,2,17,3,3,80,1,25,2,3,1,0,0,0
36,0,2,2,12,4,1,1614,3,2,3,2,4,3,2,4663,9,1,1,12,3,2,80,2,7,2,3,3,2,1,1
36,0,2,2,6,3,1,373,4,1,3,1,3,4,2,3210,0,1,2,11,3,3,80,1,16,4,3,15,13,10,11
36,0,3,2,18,1,2,286,2,2,3,1,3,4,1,2153,1,1,2,13,3,1,80,0,8,2,3,8,1,1,7
40,0,3,2,26,3,2,202,2,2,3,2,2,2,3,5605,1,1,2,11,3,1,80,1,20,2,3,20,7,2,13
51,0,2,2,3,3,2,258,4,2,3,4,5,2,1,13734,3,1,2,18,3,3,80,0,21,6,3,7,7,1,0
33,0,3,2,1,2,1,73,1,2,3,3,8,4,1,13458,1,1,1,12,3,3,80,0,15,1,3,15,14,8,12
33,1,2,1,9,4,3,1157,1,2,3,2,1,1,1,8224,0,1,1,17,3,1,80,0,6,3,3,5,2,0,3
35,1,2,2,2,3,1,1569,1,2,3,1,3,1,3,2074,1,1,1,12,3,4,80,1,1,2,3,1,0,0,0
30,0,3,2,23,3,1,159,1,1,1,1,2,3,3,2613,1,1,2,25,4,3,80,3,10,2,2,10,7,0,9
54,0,2,2,22,5,2,1665,2,2,3,4,6,3,2,17426,3,1,2,25,4,3,80,1,36,6,3,10,8,4,7
36,0,3,2,23,2,2,2061,3,1,4,2,3,4,2,2571,4,1,2,17,3,3,80,1,17,3,3,5,2,0,3
24,0,2,2,23,3,2,639,2,1,4,1,2,4,2,2725,1,1,1,11,3,2,80,2,6,3,3,6,5,1,4
37,0,1,2,2,2,1,139,3,1,2,2,5,4,3,5163,5,1,2,14,3,4,80,1,17,2,4,1,0,0,0
40,0,3,2,16,4,2,832,1,1,2,2,3,3,1,5094,6,1,2,14,3,4,80,0,10,6,3,1,0,0,0
42,0,1,2,23,2,1,1976,4,1,2,2,2,3,1,4332,1,1,2,12,3,4,80,0,20,2,3,20,9,3,7
30,0,2,2,24,1,1,11,4,1,3,1,3,3,3,2693,1,1,2,22,4,2,80,1,1,2,3,1,0,0,0
30,0,3,2,2,4,4,1745,4,2,2,1,2,1,1,4968,0,1,2,16,3,4,80,0,10,2,3,9,7,0,7
55,0,2,2,20,2,4,389,2,1,3,2,3,4,2,5415,3,1,1,19,3,4,80,1,12,4,3,10,7,0,8
59,0,2,3,6,2,2,321,2,1,3,1,3,3,2,2267,8,1,2,17,3,4,80,0,7,2,2,2,2,2,2
42,0,3,2,28,4,4,551,4,2,2,2,5,4,2,4523,0,1,2,11,3,4,80,3,7,4,4,6,5,0,4
32,0,2,1,10,3,3,722,4,1,3,2,1,4,1,5396,1,1,2,12,3,4,80,0,10,2,2,10,7,0,8
39,0,3,2,4,3,2,1633,1,2,3,2,4,3,1,5042,0,1,2,13,3,4,80,0,10,2,1,9,2,3,8
40,0,2,2,2,2,2,352,1,1,3,5,8,3,3,19436,0,1,2,19,3,4,80,1,22,5,3,21,7,3,9
40,0,3,2,1,4,1,119,3,1,2,4,5,2,2,13503,1,1,2,22,4,4,80,1,22,3,2,22,3,11,11
32,0,1,2,1,3,1,882,4,1,3,1,3,4,3,2314,0,1,2,12,3,2,80,1,4,2,3,3,0,0,2
46,0,2,2,13,4,1,1727,3,1,3,2,5,2,1,5562,6,1,2,14,3,4,80,0,19,3,3,10,7,0,9
35,0,3,2,2,3,2,269,2,2,3,2,3,2,1,4425,5,1,2,11,3,4,80,0,10,5,3,6,2,1,2
35,1,3,1,12,4,6,1667,4,1,3,2,1,4,1,4581,3,1,1,24,4,1,80,0,13,2,4,11,9,6,7
33,0,2,2,1,4,6,939,3,1,2,1,2,1,1,2799,3,1,1,11,3,2,80,0,6,1,3,3,2,0,2
54,0,2,2,3,3,1,1250,4,1,3,4,8,4,2,17779,3,1,2,14,3,1,80,0,36,2,3,10,9,0,9
29,0,3,2,1,4,1,710,2,1,1,1,2,4,3,2720,1,1,2,18,3,4,80,1,10,5,3,10,7,2,8
40,0,2,2,19,2,2,281,3,1,3,2,3,4,2,2741,8,1,1,15,3,3,80,1,15,2,4,7,2,3,7
33,0,3,2,5,4,1,428,4,2,3,3,6,2,2,11878,6,1,2,11,3,2,80,2,12,2,3,10,6,8,8
41,0,3,2,10,3,1,199,4,1,2,4,6,1,3,17181,4,1,2,13,3,2,80,1,21,2,2,7,6,7,7
44,0,3,3,1,5,3,1642,1,1,3,2,3,4,2,5743,4,1,1,11,3,3,80,0,14,3,3,10,7,0,2
60,0,2,2,7,3,1,549,1,2,3,5,6,1,2,19566,5,1,2,11,3,4,80,0,33,5,1,29,8,11,10
43,0,3,2,10,4,1,430,3,2,3,1,3,4,1,2455,0,1,2,19,3,1,80,0,9,5,3,8,7,1,7
32,0,3,2,2,2,1,1235,4,2,3,2,2,3,1,4998,4,1,1,14,3,4,80,0,10,2,3,8,7,0,7
43,0,2,2,27,3,4,1599,4,1,4,1,3,2,3,4876,5,1,2,12,3,3,80,1,8,0,3,6,4,0,2
28,1,2,1,13,2,3,1933,4,2,3,2,1,3,1,9854,3,1,1,11,3,4,80,0,6,0,3,2,0,2,2
27,0,2,2,2,4,1,1027,1,2,3,2,4,4,2,4227,0,1,2,18,3,2,80,1,4,2,3,3,2,2,2
34,0,2,1,2,3,6,786,4,1,3,2,1,4,1,6274,1,1,2,22,4,3,80,0,6,5,3,6,5,1,4
49,1,2,1,11,3,3,840,3,2,3,3,1,4,2,7654,1,1,2,18,3,1,80,2,9,3,4,9,8,7,7
50,0,2,2,7,2,2,80,2,2,2,5,8,3,3,18740,5,1,1,12,3,4,80,1,29,2,2,27,3,13,8
35,0,2,2,23,4,2,1826,2,1,1,1,3,3,2,2705,0,1,2,16,3,2,80,1,6,2,4,5,4,0,3
49,0,2,2,18,4,1,638,4,1,2,5,8,3,3,19502,1,1,1,17,3,3,80,1,31,5,3,31,9,0,9
31,0,2,1,6,4,2,653,1,1,4,2,1,4,3,5460,4,1,2,22,4,4,80,2,13,4,4,7,7,5,7
40,0,2,2,2,2,1,1802,3,2,3,1,3,1,2,3377,4,1,2,17,3,4,80,1,7,5,2,4,3,0,2
24,0,2,2,18,1,1,150,2,1,3,1,3,3,2,2774,0,1,2,12,3,3,80,1,6,2,3,5,3,1,2
32,0,2,2,2,3,4,2038,4,1,3,1,2,1,1,2439,1,1,2,14,3,4,80,0,4,4,3,4,2,1,2
33,0,2,1,8,4,1,1560,1,1,3,2,1,1,2,6392,2,1,2,13,3,4,80,1,8,6,1,2,2,2,2
60,0,2,1,7,4,3,1233,2,1,4,2,1,4,3,5220,0,1,1,18,3,2,80,1,12,3,3,11,7,1,9
37,0,1,2,25,5,2,529,2,2,3,2,2,3,2,4449,3,1,1,15,3,1,80,2,15,2,3,13,11,10,7
42,0,2,2,2,4,1,659,3,2,3,2,5,4,2,4089,1,1,2,13,3,2,80,2,10,4,3,10,2,2,2
27,0,2,2,2,1,2,7,1,1,3,1,3,2,2,3468,9,1,2,12,3,4,80,1,6,3,3,2,2,2,2
38,0,2,1,16,3,1,1583,2,2,3,2,1,2,1,4198,2,1,2,12,3,2,80,0,8,5,4,3,2,1,2
59,0,2,2,3,3,1,309,3,1,2,1,2,4,2,2177,3,1,2,17,3,1,80,1,7,6,3,1,0,0,0
40,0,2,1,7,4,2,1740,2,1,3,5,6,2,1,19833,1,1,2,14,3,2,80,0,21,3,2,21,8,12,8
50,0,1,1,1,3,1,1040,4,2,3,2,1,3,2,6347,0,1,2,12,3,1,80,1,19,3,3,18,7,0,13
35,0,2,1,18,3,2,975,3,2,3,2,1,3,2,4601,1,1,2,16,3,2,80,0,5,3,3,5,2,1,0
47,1,3,1,27,2,1,785,2,2,4,2,1,3,1,6397,4,1,1,12,3,4,80,0,8,2,3,5,4,1,3
31,1,3,2,3,3,1,1537,4,2,3,1,2,3,1,4084,1,1,2,12,3,1,80,0,7,2,1,7,2,7,7
29,0,2,2,27,3,2,793,2,2,3,2,5,3,2,4335,4,1,2,12,3,1,80,1,11,3,2,8,7,1,1
32,0,2,2,5,4,6,1607,2,2,4,1,2,4,2,3312,3,1,2,17,3,4,80,2,6,3,3,3,2,0,2
60,0,2,1,16,4,3,732,1,1,3,2,1,1,1,5405,8,1,2,14,3,4,80,0,10,1,3,2,2,2,2
28,1,1,2,24,2,4,1082,2,1,2,3,5,1,1,8722,1,1,2,12,3,1,80,0,10,2,2,10,7,1,9
56,0,2,1,11,5,3,1935,4,2,2,2,1,1,2,5380,4,1,2,16,3,3,80,1,6,3,3,0,0,0,0
45,0,3,2,7,3,1,425,1,1,3,3,3,1,3,5210,1,1,2,18,3,1,80,1,24,2,3,24,9,9,11
26,1,2,2,25,3,1,55,1,1,1,1,3,3,1,2293,1,1,2,12,3,3,80,0,1,2,2,1,0,0,1
41,0,2,2,5,5,2,1448,2,1,4,1,2,3,2,2127,2,1,1,12,3,1,80,0,7,5,2,4,2,0,3
29,0,2,2,28,4,2,2054,4,2,2,1,2,1,1,3785,1,1,2,14,3,2,80,0,5,3,1,5,4,0,4
34,0,2,2,19,3,1,1701,2,2,2,1,2,4,2,2929,1,1,2,12,3,2,80,0,10,3,3,10,9,8,7
46,0,2,1,1,2,3,244,2,2,3,3,1,1,3,10453,1,1,2,25,4,3,80,3,24,2,3,24,13,15,7
40,0,2,2,2,3,2,1474,3,1,3,1,2,3,3,2345,2,1,2,14,3,3,80,1,8,3,4,3,1,1,2
33,0,3,1,7,3,2,1477,4,1,3,2,1,1,2,4373,0,1,2,14,3,1,80,2,5,2,3,4,3,0,3
23,0,2,2,26,1,1,465,3,1,3,1,2,4,3,2904,1,1,2,12,3,3,80,2,4,2,2,4,2,0,2
33,0,2,2,21,3,2,1698,2,1,4,1,3,2,2,2028,1,1,2,18,3,4,80,3,14,6,3,14,11,2,13
34,0,3,2,1,3,2,1184,4,1,2,2,5,1,1,5343,0,1,2,20,4,3,80,0,14,3,3,13,9,4,9
40,0,3,2,9,4,2,964,4,1,3,1,2,2,3,3617,8,1,1,14,3,4,80,1,3,2,3,1,1,0,0
25,1,2,2,3,3,2,538,1,1,3,1,3,1,2,4031,5,1,2,13,3,3,80,1,6,5,3,2,2,0,2
36,0,2,1,17,2,3,1908,3,1,2,2,1,2,2,5507,2,1,2,16,3,3,80,2,12,1,1,4,2,1,3
25,0,2,2,7,1,2,143,4,1,2,1,2,4,2,2889,1,1,2,11,3,3,80,2,2,2,3,2,2,2,1
49,1,3,2,28,2,1,1420,1,1,2,2,3,1,1,4284,3,1,2,20,4,1,80,0,20,2,3,4,3,1,3
36,0,2,2,7,3,1,1659,1,1,3,1,3,2,1,2013,2,1,2,11,3,3,80,0,15,4,3,4,3,1,3
38,0,2,1,14,3,1,1582,3,1,3,2,1,2,2,9924,0,1,2,11,3,4,80,1,10,3,3,9,8,7,7
26,1,1,1,29,2,2,1037,2,1,1,2,1,1,1,4969,8,1,2,18,3,4,80,0,7,6,3,2,2,2,2
37,0,2,2,19,3,1,1631,3,1,3,2,4,3,2,5768,3,1,2,17,3,1,80,3,9,2,2,4,3,0,2
42,0,3,2,9,2,2,1480,1,2,3,1,3,4,1,3673,1,1,2,13,3,3,80,0,12,3,3,12,9,5,8
37,0,2,2,10,1,1,802,4,2,3,1,2,1,3,2782,0,1,1,13,3,2,80,2,6,3,2,5,3,4,3
30,1,3,3,8,3,3,1747,3,2,2,1,3,4,3,2180,6,1,2,11,3,3,80,1,6,0,2,4,2,1,2
32,0,2,2,5,4,1,1966,4,1,2,2,4,4,1,9679,8,1,2,24,4,2,80,0,8,1,3,1,0,0,0
23,0,2,2,1,2,1,1270,4,1,3,1,2,3,2,1223,1,1,2,22,4,4,80,1,1,2,3,1,0,0,1
31,0,2,2,5,4,4,423,3,1,3,1,2,4,2,4821,0,1,1,12,3,3,80,1,6,4,3,5,2,0,3
42,0,2,2,2,3,2,351,4,2,2,1,3,1,3,2593,0,1,1,11,3,3,80,1,10,4,3,9,6,7,8
40,0,1,2,8,2,1,1552,4,1,3,2,5,4,3,4069,3,1,1,18,3,3,80,0,8,2,3,2,2,2,2
44,0,2,2,2,1,1,1246,1,2,4,1,2,4,2,2011,1,1,2,13,3,4,80,1,10,5,3,10,5,7,7
49,0,3,1,2,3,2,2065,4,1,2,2,1,2,2,5390,2,1,2,14,3,4,80,0,17,3,2,9,6,0,8
29,0,2,1,20,2,3,349,4,1,3,2,1,4,3,6931,2,1,2,14,3,4,80,1,10,2,3,3,2,0,2
35,0,2,2,22,3,1,381,2,2,4,3,6,2,3,11996,7,1,2,18,3,2,80,1,10,6,2,7,7,6,2
26,0,2,2,23,3,1,560,1,2,3,1,2,4,3,2886,1,1,2,22,4,2,80,2,3,3,1,3,2,0,2
29,0,3,2,1,3,1,1753,4,1,4,2,5,3,1,6294,8,1,1,12,3,4,80,0,10,5,4,3,2,0,2
30,0,2,2,17,4,2,1321,2,2,3,3,6,1,2,11916,1,1,1,23,4,4,80,2,9,2,3,9,1,0,8
31,0,2,3,2,3,3,424,1,1,2,2,3,1,2,6410,3,1,2,12,3,4,80,0,9,1,3,2,2,1,0
33,0,2,3,3,2,3,910,4,1,3,1,3,2,3,2277,3,1,1,11,3,3,80,1,7,4,4,4,3,0,3
42,0,2,2,23,5,1,468,1,2,3,4,8,4,1,15992,2,1,2,14,3,2,80,0,16,2,3,1,0,0,0
35,0,3,2,18,2,1,1412,3,1,3,3,4,4,1,9362,2,1,2,11,3,3,80,0,10,2,3,2,2,2,2
38,1,2,2,2,3,2,1573,3,1,3,2,4,2,2,4855,4,1,2,11,3,1,80,2,7,2,3,5,2,1,4
50,0,3,2,20,5,2,1606,2,1,3,4,5,3,2,11245,2,1,1,15,3,3,80,1,32,3,3,30,8,12,13
35,0,2,2,23,4,2,75,3,2,3,1,3,1,2,4014,3,1,1,15,3,3,80,1,4,3,3,2,2,2,2
38,0,2,1,2,4,3,1835,2,2,1,2,7,4,2,5405,2,1,1,20,4,1,80,2,20,4,2,4,2,0,3
37,0,2,1,16,4,3,868,4,1,2,2,1,3,3,6334,4,1,2,19,3,4,80,2,9,2,3,1,0,0,0
22,1,2,2,7,1,1,1878,4,1,3,1,2,2,1,2472,1,1,1,23,4,1,80,0,1,2,3,1,0,0,0
26,1,3,2,2,3,1,1053,1,1,3,1,2,1,2,2042,6,1,1,14,3,2,80,1,6,2,3,3,2,1,2
